timestamp,left_shoulder_pitch,left_shoulder_roll,left_shoulder_yaw,left_elbow,left_wrist_roll,left_wrist_pitch,left_wrist_yaw,right_shoulder_pitch,right_shoulder_roll,right_shoulder_yaw,right_elbow,right_wrist_roll,right_wrist_pitch,right_wrist_yaw,left_shoulder_pitch_vel,left_shoulder_roll_vel,left_shoulder_yaw_vel,left_elbow_vel,left_wrist_roll_vel,left_wrist_pitch_vel,left_wrist_yaw_vel,right_shoulder_pitch_vel,right_shoulder_roll_vel,right_shoulder_yaw_vel,right_elbow_vel,right_wrist_roll_vel,right_wrist_pitch_vel,right_wrist_yaw_vel
0.002000,-0.031926,-0.017054,0.001222,1.127524,0.002972,0.087889,0.001312,0.008305,-0.015172,-0.420143,1.111489,0.081553,0.168439,-0.226868,-0.003068,-0.004602,0.003068,-0.026078,0.004602,0.000000,0.001963,-0.009204,0.006136,0.010738,-0.006136,0.018408,0.004909,-0.006872
0.052000,-0.031974,-0.017006,0.001330,1.127548,0.002888,0.087889,0.001312,0.008209,-0.015304,-0.420143,1.111465,0.081481,0.168431,-0.226860,0.000000,-0.010738,-0.003068,-0.007670,-0.004602,0.011781,0.005890,0.010738,0.007670,0.003068,0.016874,0.000000,-0.004909,-0.010799
0.102000,-0.032034,-0.016982,0.001414,1.127536,0.002888,0.087889,0.001304,0.008221,-0.015328,-0.420191,1.111417,0.081481,0.168431,-0.226853,-0.026078,0.000000,-0.001534,-0.010738,0.000000,0.006872,-0.006872,0.004602,0.000000,-0.013806,-0.003068,0.013806,0.005890,-0.000982
0.152000,-0.031998,-0.016982,0.001378,1.127536,0.002888,0.087889,0.001312,0.008173,-0.015316,-0.420155,1.111429,0.081469,0.168431,-0.226853,-0.003068,0.000000,0.013806,-0.013806,-0.004602,0.007854,-0.004909,0.013806,-0.010738,0.003068,0.012272,-0.007670,0.000000,-0.003927
0.202000,-0.031998,-0.016994,0.001390,1.127536,0.002864,0.087882,0.001312,0.008209,-0.015352,-0.420155,1.111477,0.081457,0.168431,-0.226845,0.004602,-0.007670,-0.004602,0.000000,-0.015340,0.011781,0.002945,0.016874,-0.009204,0.016874,0.000000,-0.013806,-0.003927,0.011781
0.252000,-0.032070,-0.016958,0.001438,1.127536,0.002864,0.087874,0.001312,0.008173,-0.015316,-0.420155,1.111429,0.081457,0.168423,-0.226853,0.003068,-0.018408,0.012272,0.000000,0.000000,0.013744,0.000000,0.010738,0.007670,0.000000,0.003068,-0.003068,-0.006872,-0.006872
0.302000,-0.032082,-0.016970,0.001366,1.127536,0.002852,0.087874,0.001312,0.008221,-0.015316,-0.420167,1.111429,0.081481,0.168431,-0.226845,-0.001534,0.000000,-0.015340,-0.003068,-0.006136,0.004909,0.000000,0.007670,0.012272,0.000000,0.007670,0.000000,0.000000,0.004909
0.352000,-0.031998,-0.016994,0.001450,1.127524,0.002828,0.087866,0.001319,0.008149,-0.015340,-0.420155,1.111429,0.081481,0.168439,-0.226845,-0.015340,-0.016874,0.001534,0.012272,0.000000,-0.002945,0.011781,-0.003068,-0.003068,0.000000,0.000000,-0.001534,0.008836,-0.002945
0.402000,-0.032034,-0.016982,0.001390,1.127536,0.002828,0.087874,0.001319,0.008161,-0.015340,-0.420179,1.111441,0.081469,0.168431,-0.226845,-0.013806,-0.006136,0.003068,0.000000,0.006136,0.004909,0.008836,0.006136,-0.006136,0.004602,0.001534,0.006136,0.006872,0.002945
0.452000,-0.032034,-0.016970,0.001474,1.127548,0.002852,0.087874,0.001312,0.008233,-0.015376,-0.420167,1.111429,0.081445,0.168431,-0.226845,-0.012272,-0.001534,0.000000,-0.016874,-0.004602,0.011781,0.005890,0.004602,-0.026078,0.000000,0.007670,0.000000,0.000000,0.004909
0.502000,-0.032034,-0.016982,0.001414,1.127536,0.002864,0.087866,0.001319,0.008161,-0.015364,-0.420143,1.111453,0.081481,0.168423,-0.226845,0.003068,-0.006136,0.001534,0.000000,-0.003068,0.003927,0.005890,-0.018408,-0.003068,-0.009204,0.012272,-0.006136,-0.015708,0.001963
0.552000,-0.032058,-0.017006,0.001474,1.127536,0.002888,0.087859,0.001312,0.008173,-0.015328,-0.420143,1.111465,0.081469,0.168431,-0.226845,-0.016874,0.000000,0.000000,-0.001534,0.007670,-0.005890,-0.000982,0.000000,-0.027612,0.007670,0.001534,-0.010738,-0.000982,0.000982
0.602000,-0.032058,-0.016982,0.001414,1.127536,0.002864,0.087851,0.001304,0.008161,-0.015388,-0.420131,1.111489,0.081457,0.168439,-0.226845,-0.015340,-0.009204,0.004602,-0.001534,0.003068,-0.012763,-0.014726,0.001534,-0.016874,0.000000,0.003068,0.001534,0.009817,0.000000
0.652000,-0.032046,-0.016958,0.001426,1.127548,0.002864,0.087866,0.001319,0.008221,-0.015388,-0.420143,1.111501,0.081457,0.168431,-0.226837,-0.023010,0.016874,0.003068,0.000000,-0.003068,0.000000,0.005890,0.003068,-0.001534,0.000000,0.004602,-0.010738,0.000000,0.008836
0.702000,-0.032094,-0.016970,0.001378,1.127536,0.002864,0.087859,0.001319,0.008221,-0.015352,-0.420143,1.111429,0.081481,0.168439,-0.226845,-0.015340,-0.001534,0.001534,-0.003068,-0.004602,-0.005890,0.009817,0.015340,0.012272,0.009204,0.003068,-0.006136,0.014726,0.005890
0.752000,-0.032142,-0.016970,0.001450,1.127536,0.002828,0.087859,0.001319,0.008245,-0.015352,-0.420131,1.111453,0.081469,0.168431,-0.226853,-0.001534,0.000000,-0.009204,-0.001534,0.000000,0.000000,0.008836,0.019942,0.003068,0.000000,-0.001534,0.004602,-0.002945,-0.009817
0.802000,-0.032070,-0.016970,0.001438,1.127536,0.002852,0.087859,0.001304,0.008245,-0.015340,-0.420155,1.111429,0.081481,0.168431,-0.226853,0.001534,-0.003068,0.013806,0.010738,0.012272,-0.000982,-0.009817,0.010738,-0.010738,0.013806,0.000000,-0.010738,-0.004909,-0.004909
0.852000,-0.032118,-0.016970,0.001438,1.127536,0.002864,0.087851,0.001319,0.008221,-0.015388,-0.420143,1.111417,0.081457,0.168423,-0.226837,-0.018408,-0.015340,-0.006136,-0.003068,-0.012272,0.000000,0.006872,0.003068,-0.013806,-0.003068,-0.001534,0.003068,-0.009817,0.006872
0.902000,-0.032082,-0.016970,0.001414,1.127548,0.002852,0.087828,0.001312,0.008209,-0.015364,-0.420131,1.111417,0.081469,0.168431,-0.226845,0.000000,0.003068,0.012272,0.016874,-0.006136,-0.015708,0.000982,0.027612,0.000000,0.004602,0.001534,-0.016874,0.000000,0.005890
0.952000,-0.032094,-0.016946,0.001390,1.127548,0.002840,0.087851,0.001312,0.008149,-0.015340,-0.420155,1.111429,0.081469,0.168431,-0.226837,-0.010738,0.003068,-0.012272,-0.006136,-0.006136,0.000982,0.000000,-0.003068,-0.012272,-0.006136,0.000000,-0.009204,-0.001963,0.009817
1.002000,-0.032058,-0.016970,0.001414,1.127536,0.002864,0.087851,0.001312,0.008185,-0.015364,-0.420155,1.111465,0.081457,0.168423,-0.226845,-0.003068,-0.010738,0.012272,-0.007670,-0.001534,-0.002945,-0.003927,0.007670,-0.023010,-0.003068,-0.003068,0.009204,-0.006872,-0.002945
1.052000,-0.032082,-0.016982,0.001438,1.127536,0.002864,0.087851,0.001304,0.008221,-0.015376,-0.420167,1.111429,0.081481,0.168423,-0.226830,-0.024544,-0.009204,-0.006136,0.006136,-0.006136,0.006872,-0.012763,0.007670,-0.007670,-0.004602,0.006136,-0.007670,0.000982,0.004909
1.102000,-0.032022,-0.016970,0.001438,1.127524,0.002852,0.087851,0.001312,0.008125,-0.015364,-0.420143,1.111465,0.081457,0.168431,-0.226845,-0.004602,0.000000,0.001534,-0.007670,0.000000,0.000000,-0.003927,0.001534,0.000000,0.006136,0.009204,-0.013806,-0.005890,-0.004909
1.152000,-0.032166,-0.016970,0.001438,1.127536,0.002828,0.087836,0.001312,0.008197,-0.015376,-0.420155,1.111417,0.081457,0.168439,-0.226845,0.000000,-0.006136,-0.001534,-0.015340,-0.007670,-0.012763,-0.004909,0.016874,0.009204,-0.004602,0.009204,0.004602,0.012763,-0.003927
1.202000,-0.032142,-0.016970,0.001474,1.127524,0.002804,0.087836,0.001319,0.008125,-0.015352,-0.420143,1.111429,0.081469,0.168423,-0.226845,-0.006136,0.001534,0.004602,-0.012272,0.003068,-0.007854,0.005890,-0.003068,0.003068,0.006136,0.001534,-0.004602,-0.008836,-0.001963
1.252000,-0.032142,-0.017006,0.001414,1.127536,0.002828,0.087843,0.001312,0.008185,-0.015376,-0.420155,1.111453,0.081469,0.168439,-0.226845,0.000000,-0.009204,0.007670,0.000000,-0.004602,0.001963,-0.003927,0.013806,-0.003068,0.004602,0.006136,-0.019942,0.009817,0.000982
1.302000,-0.032130,-0.016982,0.001402,1.127536,0.002828,0.087836,0.001312,0.008197,-0.015388,-0.420131,1.111477,0.081481,0.168431,-0.226845,0.006136,-0.004602,-0.010738,0.006136,-0.004602,-0.003927,0.005890,-0.007670,0.001534,0.001534,-0.001534,-0.010738,0.006872,-0.000982
1.352000,-0.032106,-0.016982,0.001438,1.127536,0.002852,0.087836,0.001312,0.008197,-0.015376,-0.420143,1.111465,0.081445,0.168423,-0.226837,0.006136,-0.001534,0.004602,-0.013806,0.000000,0.000000,0.000000,0.004602,-0.016874,0.006136,0.006136,-0.012272,-0.005890,0.006872
1.402000,-0.032106,-0.016970,0.001402,1.127536,0.002828,0.087836,0.001312,0.008233,-0.015388,-0.420143,1.111453,0.081445,0.168431,-0.226845,0.006136,0.001534,-0.013806,-0.010738,0.000000,-0.004909,-0.006872,-0.009204,0.000000,0.007670,-0.003068,0.001534,0.002945,-0.000982
1.452000,-0.032034,-0.016994,0.001414,1.127536,0.002840,0.087836,0.001312,0.008185,-0.015388,-0.420155,1.111477,0.081469,0.168431,-0.226845,-0.004602,0.000000,0.003068,-0.009204,0.001534,-0.005890,-0.005890,0.007670,0.006136,0.004602,0.001534,-0.003068,0.001963,-0.002945
1.502000,-0.032058,-0.016994,0.001414,1.127536,0.002804,0.087851,0.001319,0.008161,-0.015352,-0.420155,1.111453,0.081481,0.168431,-0.226845,0.004602,-0.016874,0.003068,-0.007670,-0.001534,0.016690,0.003927,-0.010738,-0.003068,0.000000,0.000000,-0.010738,0.002945,-0.002945
1.552000,-0.032046,-0.016982,0.001450,1.127524,0.002804,0.087836,0.001319,0.008221,-0.015376,-0.420155,1.111465,0.081469,0.168431,-0.226845,-0.003068,-0.010738,0.004602,-0.001534,-0.001534,-0.010799,0.005890,0.010738,0.001534,-0.001534,-0.004602,0.000000,0.000982,-0.009817
1.602000,-0.032154,-0.017018,0.001414,1.127536,0.002804,0.087843,0.001319,0.008149,-0.015388,-0.420155,1.111489,0.081457,0.168431,-0.226845,0.003068,-0.010738,-0.003068,-0.021476,-0.004602,0.003927,0.003927,0.007670,-0.016874,-0.004602,0.000000,0.003068,0.005890,-0.004909
1.652000,-0.032034,-0.016982,0.001414,1.127536,0.002840,0.087836,0.001319,0.008221,-0.015376,-0.420143,1.111465,0.081469,0.168423,-0.226837,0.000000,-0.003068,-0.003068,0.013806,0.000000,-0.005890,0.002945,0.003068,-0.004602,0.000000,0.004602,0.003068,-0.005890,0.000000
1.702000,-0.032118,-0.016982,0.001462,1.127536,0.002828,0.087843,0.001312,0.008221,-0.015376,-0.420119,1.111441,0.081469,0.168439,-0.226845,-0.006136,-0.023010,0.013806,0.000000,-0.004602,-0.002945,-0.005890,0.000000,0.003068,0.009204,0.000000,0.004602,0.013744,-0.005890
1.752000,-0.032070,-0.016982,0.001414,1.127548,0.002828,0.087836,0.001319,0.008221,-0.015388,-0.420131,1.111489,0.081469,0.168431,-0.226845,0.003068,0.000000,-0.003068,0.004602,-0.003068,-0.004909,0.002945,0.000000,-0.012272,0.010738,-0.006136,0.000000,0.005890,-0.006872
1.802000,-0.032094,-0.017030,0.001414,1.127524,0.002840,0.087843,0.001319,0.008245,-0.015376,-0.420131,1.111441,0.081457,0.168423,-0.226837,0.001534,-0.006136,0.010738,-0.003068,0.000000,0.007854,0.002945,0.007670,0.012272,-0.001534,-0.010738,0.000000,-0.011781,0.004909
1.852000,-0.032046,-0.016970,0.001414,1.127536,0.002828,0.087836,0.001312,0.008185,-0.015400,-0.420131,1.111441,0.081481,0.168423,-0.226830,-0.012272,-0.006136,0.006136,0.009204,0.003068,-0.001963,-0.006872,0.010738,0.003068,-0.009204,0.003068,-0.012272,-0.003927,0.006872
1.902000,-0.032094,-0.017006,0.001414,1.127536,0.002840,0.087836,0.001319,0.008233,-0.015376,-0.420119,1.111441,0.081469,0.168431,-0.226837,0.012272,0.000000,0.000000,0.007670,-0.007670,0.001963,0.011781,-0.003068,0.012272,-0.009204,-0.010738,-0.001534,0.004909,-0.009817
1.952000,-0.032130,-0.016958,0.001426,1.127536,0.002804,0.087836,0.001319,0.008209,-0.015400,-0.420119,1.111465,0.081457,0.168423,-0.226837,0.003068,0.000000,0.010738,0.001534,-0.003068,-0.011781,0.001963,0.004602,0.000000,0.004602,-0.015340,-0.013806,-0.009817,0.001963
2.002000,-0.032154,-0.016970,0.001450,1.127536,0.002840,0.087843,0.001312,0.008233,-0.015388,-0.420131,1.111489,0.081457,0.168423,-0.226845,0.009204,0.006136,0.016874,-0.001534,-0.001534,0.006872,-0.003927,0.000000,-0.006136,0.000000,0.000000,-0.007670,-0.003927,-0.003927
2.052000,-0.032166,-0.016994,0.001414,1.127536,0.002804,0.087836,0.001312,0.008245,-0.015388,-0.420131,1.111429,0.081457,0.168431,-0.226837,0.000000,0.001534,0.013806,-0.007670,0.000000,0.010799,-0.002945,0.012272,-0.003068,0.007670,0.006136,-0.003068,0.002945,0.004909
2.102000,-0.032058,-0.016982,0.001390,1.127536,0.002840,0.087828,0.001319,0.008233,-0.015364,-0.420131,1.111489,0.081481,0.168423,-0.226845,0.010738,-0.012272,-0.003068,-0.001534,-0.004602,-0.022580,0.002945,-0.012272,-0.004602,-0.006136,-0.010738,0.003068,0.003927,0.001963
2.152000,-0.032058,-0.017006,0.001390,1.127536,0.002840,0.087836,0.001312,0.008221,-0.015388,-0.420131,1.111465,0.081445,0.168423,-0.226837,0.006136,0.003068,-0.010738,0.007670,0.006136,-0.000982,0.000000,0.003068,0.003068,-0.001534,0.001534,-0.001534,-0.003927,0.001963
2.202000,-0.032106,-0.016994,0.001390,1.127536,0.002804,0.087836,0.001319,0.008173,-0.015388,-0.420143,1.111489,0.081445,0.168423,-0.226837,0.001534,0.009204,0.015340,-0.001534,-0.003068,-0.001963,0.005890,-0.019942,-0.003068,0.006136,-0.004602,-0.007670,-0.005890,0.003927
2.252000,-0.032154,-0.016970,0.001414,1.127548,0.002828,0.087843,0.001312,0.008185,-0.015388,-0.420131,1.111489,0.081445,0.168431,-0.226845,0.003068,0.000000,-0.003068,-0.003068,-0.007670,0.003927,-0.005890,0.004602,0.003068,0.012272,0.000000,0.000000,0.003927,0.000982
2.302000,-0.032106,-0.016970,0.001438,1.127524,0.002804,0.087836,0.001312,0.008233,-0.015376,-0.420131,1.111465,0.081457,0.168439,-0.226845,0.009204,-0.010738,0.013806,0.006136,0.000000,-0.003927,-0.002945,0.000000,0.000000,-0.001534,-0.021476,0.003068,0.014726,-0.010799
2.352000,-0.032166,-0.016970,0.001390,1.127536,0.002828,0.087843,0.001312,0.008161,-0.015400,-0.420155,1.111429,0.081469,0.168416,-0.226845,-0.009204,0.007670,-0.013806,0.001534,-0.004602,0.010799,-0.005890,0.012272,0.001534,-0.001534,-0.004602,-0.009204,-0.006872,-0.007854
2.402000,-0.032106,-0.017006,0.001390,1.127536,0.002804,0.087843,0.001319,0.008233,-0.015388,-0.420143,1.111477,0.081457,0.168423,-0.226830,-0.001534,-0.016874,0.015340,0.000000,-0.009204,0.004909,0.001963,0.013806,0.000000,0.004602,0.009204,-0.003068,-0.005890,0.012763
2.452000,-0.032154,-0.016970,0.001438,1.127536,0.002804,0.087836,0.001319,0.008221,-0.015388,-0.420143,1.111465,0.081481,0.168431,-0.226837,-0.012272,-0.001534,-0.001534,-0.007670,-0.010738,-0.001963,0.001963,0.016874,0.000000,0.007670,-0.001534,0.000000,0.002945,0.001963
2.502000,-0.032106,-0.017006,0.001450,1.127548,0.002828,0.087836,0.001319,0.008161,-0.015424,-0.420143,1.111441,0.081469,0.168431,-0.226837,-0.004602,-0.003068,0.000000,0.006136,0.003068,-0.010799,0.002945,0.018408,0.007670,0.009204,0.018408,0.000000,0.000982,0.000982
2.552000,-0.032166,-0.016982,0.001414,1.127548,0.002804,0.087836,0.001312,0.008197,-0.015412,-0.420131,1.111453,0.081457,0.168431,-0.226845,-0.003068,-0.004602,0.010738,0.000000,-0.004602,-0.008836,-0.001963,0.007670,-0.004602,0.000000,-0.006136,0.004602,0.003927,-0.005890
2.602000,-0.032130,-0.016970,0.001438,1.127536,0.002804,0.087836,0.001304,0.008185,-0.015400,-0.420143,1.111417,0.081457,0.168431,-0.226837,-0.016874,-0.026078,0.012272,-0.010738,0.000000,-0.004909,-0.013744,0.015340,0.003068,0.003068,0.007670,-0.006136,0.002945,0.006872
2.652000,-0.032214,-0.016958,0.001414,1.127536,0.002828,0.087836,0.001319,0.008185,-0.015388,-0.420143,1.111429,0.081481,0.168423,-0.226837,0.007670,-0.004602,0.000000,0.003068,-0.003068,-0.001963,-0.000982,0.000000,-0.006136,0.000000,-0.010738,-0.004602,-0.003927,0.000982
2.702000,-0.032154,-0.016970,0.001426,1.127536,0.002828,0.087836,0.001312,0.008149,-0.015400,-0.420131,1.111453,0.081469,0.168423,-0.226837,-0.019942,-0.003068,0.012272,-0.003068,0.003068,0.003927,-0.002945,-0.003068,-0.001534,0.010738,0.013806,-0.010738,-0.002945,0.008836
2.752000,-0.032142,-0.016982,0.001414,1.127536,0.002852,0.087859,0.001312,0.008209,-0.015388,-0.420143,1.111453,0.081457,0.168431,-0.226845,0.000000,-0.004602,-0.003068,0.004602,-0.009204,0.017671,-0.003927,0.003068,-0.003068,-0.007670,0.004602,0.010738,0.010799,-0.003927
2.802000,-0.032106,-0.016970,0.001414,1.127548,0.002804,0.087836,0.001319,0.008161,-0.015400,-0.420119,1.111465,0.081445,0.168423,-0.226837,0.000000,0.000000,0.010738,-0.006136,-0.004602,0.000000,0.003927,0.001534,0.000000,-0.001534,0.001534,-0.009204,-0.001963,0.003927
2.852000,-0.032130,-0.016970,0.001366,1.127536,0.002804,0.087836,0.001319,0.008257,-0.015376,-0.420119,1.111489,0.081469,0.168423,-0.226845,0.007670,-0.001534,0.000000,0.010738,-0.009204,-0.000982,0.009817,-0.035282,-0.003068,-0.003068,0.015340,-0.004602,-0.000982,-0.008836
2.902000,-0.032130,-0.016982,0.001450,1.127536,0.002804,0.087859,0.001319,0.008161,-0.015388,-0.420131,1.111429,0.081469,0.168408,-0.226845,-0.007670,-0.001534,0.018408,0.000000,-0.013806,0.020617,0.002945,-0.010738,0.000000,0.007670,0.010738,-0.007670,-0.008836,-0.015708
2.952000,-0.032166,-0.016970,0.001414,1.127536,0.002828,0.087836,0.001319,0.008209,-0.015412,-0.420143,1.111441,0.081481,0.168423,-0.226845,0.006136,0.004602,-0.003068,0.000000,0.001534,-0.005890,0.000982,-0.012272,0.000000,-0.003068,0.006136,-0.010738,-0.001963,-0.002945
3.002000,-0.032166,-0.016982,0.001450,1.127536,0.002828,0.087843,0.001319,0.008197,-0.015400,-0.420107,1.111417,0.081457,0.168431,-0.226845,0.003068,0.000000,-0.006136,-0.004602,-0.019942,0.003927,0.006872,0.021476,0.009204,0.018408,0.003068,0.000000,0.011781,-0.006872
3.052000,-0.032082,-0.016970,0.001414,1.127536,0.002828,0.087843,0.001319,0.008209,-0.015400,-0.420119,1.111453,0.081469,0.168423,-0.226845,-0.004602,0.006136,0.003068,0.000000,-0.001534,0.000982,0.003927,-0.007670,0.000000,-0.010738,0.021476,-0.004602,-0.003927,-0.015708
3.102000,-0.032166,-0.016994,0.001390,1.127536,0.002828,0.087851,0.001312,0.008221,-0.015388,-0.420107,1.111465,0.081469,0.168423,-0.226837,0.000000,0.009204,0.003068,0.000000,0.000000,0.018653,-0.007854,0.006136,-0.001534,0.006136,-0.012272,-0.004602,-0.003927,-0.005890
3.152000,-0.032142,-0.016994,0.001426,1.127536,0.002852,0.087843,0.001319,0.008245,-0.015400,-0.420131,1.111465,0.081469,0.168408,-0.226837,-0.009204,0.000000,0.001534,0.001534,-0.006136,0.012763,0.002945,0.000000,-0.003068,0.001534,-0.010738,0.000000,-0.015708,-0.000982
3.202000,-0.032202,-0.016970,0.001426,1.127548,0.002852,0.087836,0.001312,0.008221,-0.015376,-0.420131,1.111489,0.081469,0.168431,-0.226837,-0.012272,-0.007670,0.000000,-0.004602,-0.004602,0.000000,-0.005890,0.003068,0.004602,0.004602,0.000000,0.010738,0.002945,0.000000
3.252000,-0.032154,-0.016982,0.001390,1.127548,0.002804,0.087843,0.001319,0.008149,-0.015388,-0.420143,1.111477,0.081457,0.168423,-0.226845,-0.006136,0.003068,0.000000,0.000000,0.003068,0.007854,0.000000,0.018408,0.000000,0.010738,0.000000,-0.003068,-0.002945,0.007854
3.302000,-0.032166,-0.016994,0.001414,1.127548,0.002828,0.087836,0.001327,0.008149,-0.015388,-0.420131,1.111477,0.081457,0.168439,-0.226830,0.012272,-0.032214,0.010738,0.003068,-0.009204,-0.015708,0.002945,-0.009204,-0.003068,-0.001534,-0.007670,-0.007670,0.009817,0.006872
3.352000,-0.032166,-0.016982,0.001474,1.127536,0.002828,0.087836,0.001312,0.008221,-0.015388,-0.420119,1.111477,0.081445,0.168423,-0.226837,0.000000,-0.018408,0.012272,0.000000,-0.012272,0.003927,-0.003927,0.001534,0.001534,0.000000,0.006136,0.000000,-0.000982,0.000982
3.402000,-0.032130,-0.016982,0.001450,1.127524,0.002852,0.087843,0.001304,0.008221,-0.015388,-0.420143,1.111465,0.081457,0.168423,-0.226837,-0.016874,-0.003068,0.001534,-0.009204,-0.010738,0.000000,-0.013744,0.007670,-0.016874,0.004602,0.007670,-0.006136,0.001963,0.002945
3.452000,-0.032178,-0.016970,0.001414,1.127536,0.002804,0.087836,0.001312,0.008197,-0.015388,-0.420131,1.111477,0.081457,0.168431,-0.226830,0.001534,-0.007670,0.000000,-0.007670,-0.006136,-0.001963,-0.005890,0.018408,-0.001534,0.001534,-0.009204,-0.010738,0.012763,0.011781
3.502000,-0.032178,-0.016970,0.001414,1.127536,0.002804,0.087843,0.001312,0.008233,-0.015364,-0.420155,1.111453,0.081457,0.168423,-0.226845,0.000000,-0.001534,0.007670,-0.007670,0.000000,0.007854,0.002945,-0.001534,-0.026078,-0.003068,0.012272,0.012272,-0.002945,-0.002945
3.552000,-0.032190,-0.016958,0.001414,1.127536,0.002828,0.087836,0.001319,0.008149,-0.015400,-0.420131,1.111465,0.081457,0.168423,-0.226845,-0.012272,0.000000,0.010738,-0.012272,-0.012272,-0.006872,0.001963,0.010738,0.000000,0.003068,-0.013806,-0.003068,-0.002945,-0.007854
3.602000,-0.032154,-0.016994,0.001414,1.127536,0.002852,0.087828,0.001319,0.008161,-0.015388,-0.420131,1.111441,0.081457,0.168423,-0.226845,-0.007670,-0.003068,0.004602,-0.006136,0.000000,-0.010799,0.000982,-0.015340,0.007670,-0.012272,0.003068,-0.001534,0.000000,-0.017671
3.652000,-0.032178,-0.017006,0.001462,1.127536,0.002828,0.087843,0.001319,0.008257,-0.015388,-0.420155,1.111441,0.081457,0.168431,-0.226837,-0.012272,0.001534,0.009204,-0.004602,-0.010738,-0.002945,-0.004909,0.003068,0.009204,0.009204,0.007670,0.000000,0.006872,0.000982
3.702000,-0.032202,-0.017006,0.001414,1.127536,0.002828,0.087843,0.001312,0.008245,-0.015400,-0.420143,1.111501,0.081457,0.168423,-0.226837,0.000000,-0.004602,-0.024544,0.010738,-0.001534,0.006872,-0.007854,-0.001534,-0.003068,0.012272,0.007670,0.004602,-0.001963,0.000000
3.752000,-0.032202,-0.016970,0.001450,1.127536,0.002840,0.087859,0.001319,0.008245,-0.015400,-0.420131,1.111441,0.081469,0.168423,-0.226845,-0.026078,-0.003068,-0.001534,0.001534,-0.006136,0.009817,0.004909,0.007670,-0.003068,-0.001534,0.000000,-0.016874,0.000982,-0.008836
3.802000,-0.032130,-0.016970,0.001450,1.127524,0.002828,0.087828,0.001312,0.008185,-0.015388,-0.420143,1.111465,0.081457,0.168423,-0.226830,0.003068,-0.003068,0.029146,-0.013806,-0.004602,-0.018653,0.000982,0.006136,0.007670,-0.004602,0.000000,0.000000,0.013744,0.003927
3.852000,-0.032190,-0.016958,0.001474,1.127536,0.002828,0.087836,0.001319,0.008197,-0.015400,-0.420131,1.111441,0.081481,0.168416,-0.226837,-0.004602,0.003068,0.018408,0.018408,-0.006136,0.001963,0.004909,0.006136,-0.024544,0.006136,0.009204,-0.012272,-0.006872,0.001963
3.902000,-0.032166,-0.016994,0.001414,1.127548,0.002828,0.087843,0.001319,0.008257,-0.015388,-0.420119,1.111453,0.081481,0.168416,-0.226845,-0.013806,-0.009204,0.004602,-0.003068,0.000000,0.000982,0.004909,0.003068,0.000000,-0.001534,-0.006136,-0.013806,-0.006872,-0.007854
3.952000,-0.032142,-0.016982,0.001390,1.127536,0.002780,0.087836,0.001312,0.008185,-0.015376,-0.420155,1.111441,0.081469,0.168423,-0.226837,-0.004602,-0.016874,0.004602,-0.004602,0.006136,0.000000,-0.002945,0.012272,0.003068,0.000000,0.003068,-0.009204,0.002945,-0.001963
4.002000,-0.032190,-0.017006,0.001402,1.127536,0.002828,0.087836,0.001319,0.008209,-0.015388,-0.420131,1.111441,0.081457,0.168400,-0.226845,0.000000,-0.007670,0.006136,-0.001534,-0.006136,-0.008836,0.005890,0.000000,0.001534,-0.004602,0.006136,-0.007670,-0.008836,-0.014726
4.052000,-0.032166,-0.016946,0.001390,1.127536,0.002828,0.087836,0.001312,0.008161,-0.015388,-0.420143,1.111453,0.081457,0.168423,-0.226837,0.001534,0.004602,0.007670,0.018408,0.003068,-0.000982,-0.005890,0.016874,-0.009204,-0.010738,0.007670,-0.003068,0.003927,-0.003927
4.102000,-0.032154,-0.016970,0.001438,1.127536,0.002852,0.087828,0.001319,0.008197,-0.015400,-0.420143,1.111513,0.081457,0.168423,-0.226837,-0.006136,-0.010738,-0.003068,0.006136,0.001534,0.000000,0.000000,0.000000,-0.001534,-0.003068,-0.019942,-0.009204,0.005890,0.000000
4.152000,-0.032166,-0.016958,0.001414,1.127536,0.002780,0.087820,0.001319,0.008221,-0.015388,-0.420131,1.111441,0.081469,0.168408,-0.226837,0.000000,-0.010738,0.006136,-0.001534,-0.010738,-0.008836,0.002945,0.003068,-0.009204,0.000000,-0.016874,-0.012272,-0.021598,0.000982
4.202000,-0.032166,-0.016970,0.001402,1.127536,0.002828,0.087836,0.001312,0.008221,-0.015400,-0.420143,1.111501,0.081469,0.168416,-0.226845,-0.007670,0.000000,0.000000,-0.003068,0.000000,-0.002945,-0.002945,0.003068,-0.012272,0.012272,0.003068,0.003068,-0.005890,-0.004909
4.252000,-0.032178,-0.016982,0.001378,1.127536,0.002828,0.087851,0.001319,0.008197,-0.015400,-0.420143,1.111429,0.081469,0.168416,-0.226830,-0.003068,0.006136,0.001534,-0.015340,-0.004602,0.017671,0.006872,0.003068,-0.003068,0.004602,0.006136,0.010738,-0.006872,0.017671
4.302000,-0.032226,-0.016982,0.001438,1.127548,0.002828,0.087836,0.001312,0.008269,-0.015400,-0.420143,1.111465,0.081445,0.168416,-0.226845,0.009204,0.007670,0.000000,-0.013806,-0.007670,-0.006872,-0.005890,-0.003068,0.003068,-0.003068,-0.001534,0.000000,-0.002945,-0.008836
4.352000,-0.032154,-0.016958,0.001390,1.127536,0.002828,0.087851,0.001312,0.008233,-0.015412,-0.420143,1.111441,0.081469,0.168423,-0.226845,0.012272,0.006136,-0.006136,0.004602,-0.009204,0.013744,0.000982,0.001534,0.009204,0.004602,0.000000,0.009204,0.003927,-0.006872
4.402000,-0.032226,-0.016982,0.001402,1.127524,0.002852,0.087836,0.001312,0.008233,-0.015388,-0.420155,1.111465,0.081445,0.168423,-0.226837,0.007670,-0.006136,-0.009204,-0.006136,-0.012272,0.002945,-0.004909,0.012272,-0.007670,0.000000,0.000000,-0.003068,0.006872,0.001963
4.452000,-0.032154,-0.016982,0.001474,1.127536,0.002816,0.087843,0.001319,0.008221,-0.015400,-0.420131,1.111465,0.081457,0.168416,-0.226845,-0.007670,-0.004602,0.001534,0.004602,-0.007670,0.005890,0.006872,-0.004602,-0.001534,-0.004602,0.032214,-0.010738,0.001963,-0.007854
4.502000,-0.032154,-0.017006,0.001474,1.127548,0.002852,0.087836,0.001312,0.008233,-0.015388,-0.420143,1.111477,0.081469,0.168416,-0.226837,0.003068,0.004602,0.004602,0.003068,-0.006136,-0.000982,-0.009817,-0.004602,0.003068,0.000000,0.003068,-0.003068,-0.004909,0.000982
4.552000,-0.032166,-0.016994,0.001438,1.127524,0.002828,0.087836,0.001312,0.008185,-0.015400,-0.420131,1.111465,0.081457,0.168408,-0.226845,0.000000,-0.001534,0.001534,0.001534,-0.004602,-0.000982,-0.001963,-0.004602,0.001534,0.006136,0.000000,-0.006136,-0.012763,-0.006872
4.602000,-0.032154,-0.016958,0.001438,1.127536,0.002852,0.087836,0.001319,0.008221,-0.015412,-0.420131,1.111489,0.081445,0.168416,-0.226837,0.000000,0.000000,-0.004602,0.009204,0.001534,-0.000982,0.005890,0.010738,0.000000,0.001534,0.015340,0.004602,-0.006872,-0.005890
4.652000,-0.032166,-0.016982,0.001390,1.127536,0.002828,0.087836,0.001319,0.008233,-0.015388,-0.420131,1.111465,0.081445,0.168416,-0.226860,-0.006136,-0.009204,-0.003068,-0.004602,-0.001534,-0.000982,0.007854,0.000000,0.003068,0.000000,0.009204,-0.010738,0.001963,-0.015708
4.702000,-0.032214,-0.016970,0.001414,1.127536,0.002804,0.087836,0.001319,0.008185,-0.015388,-0.420131,1.111405,0.081481,0.168423,-0.226822,-0.015340,-0.010738,0.003068,0.009204,-0.012272,0.001963,0.005890,0.003068,0.000000,0.004602,0.018408,0.010738,0.005890,0.012763
4.752000,-0.032142,-0.016970,0.001414,1.127536,0.002828,0.087843,0.001319,0.008233,-0.015400,-0.420119,1.111465,0.081481,0.168431,-0.226845,0.007670,-0.013806,0.000000,-0.007670,0.001534,0.015708,0.017671,0.015340,-0.006136,0.004602,-0.015340,0.000000,0.007854,-0.010799
4.802000,-0.032094,-0.016958,0.001438,1.127536,0.002804,0.087843,0.001319,0.008209,-0.015412,-0.420131,1.111465,0.081457,0.168416,-0.226837,0.003068,-0.007670,0.010738,0.001534,0.001534,0.000982,0.002945,-0.007670,-0.003068,0.001534,-0.016874,0.012272,-0.003927,0.010799
4.852000,-0.032130,-0.016970,0.001426,1.127536,0.002840,0.087836,0.001319,0.008197,-0.015388,-0.420143,1.111453,0.081469,0.168423,-0.226837,0.004602,-0.001534,-0.007670,-0.004602,0.000000,-0.001963,0.005890,-0.012272,-0.004602,0.001534,0.013806,-0.003068,0.006872,0.002945
4.902000,-0.032214,-0.016970,0.001390,1.127536,0.002804,0.087836,0.001319,0.008185,-0.015388,-0.420131,1.111465,0.081457,0.168423,-0.226837,-0.016874,-0.023010,0.012272,-0.007670,-0.009204,-0.003927,0.005890,-0.003068,0.001534,0.009204,-0.006136,-0.009204,0.003927,0.000000
4.952000,-0.032202,-0.016982,0.001414,1.127536,0.002852,0.087836,0.001319,0.008233,-0.015388,-0.420131,1.111441,0.081469,0.168416,-0.226830,-0.018408,-0.003068,0.006136,-0.006136,0.006136,0.000000,0.005890,0.015340,0.001534,0.013806,-0.003068,-0.003068,0.000000,0.003927
5.002000,-0.032142,-0.017006,0.001462,1.127548,0.002828,0.087836,0.001319,0.008185,-0.015412,-0.420119,1.111441,0.081445,0.168416,-0.226830,-0.004602,0.007670,0.000000,-0.006136,-0.010738,-0.004909,0.010799,0.006136,-0.006136,0.007670,-0.006136,0.010738,-0.009817,0.014726
5.052000,-0.032118,-0.016958,0.001438,1.127524,0.002852,0.087843,0.001319,0.008197,-0.015400,-0.420119,1.111453,0.081469,0.168423,-0.226837,-0.018408,0.009204,0.004602,-0.010738,-0.001534,0.003927,0.004909,-0.007670,0.012272,0.006136,-0.010738,-0.012272,0.000000,-0.002945
5.102000,-0.032130,-0.016970,0.001450,1.127536,0.002852,0.087836,0.001319,0.008233,-0.015400,-0.420131,1.111441,0.081481,0.168416,-0.226845,-0.001534,-0.010738,-0.001534,-0.003068,-0.001534,-0.005890,0.003927,0.006136,-0.004602,0.003068,-0.004602,-0.013806,-0.002945,-0.005890
5.152000,-0.032178,-0.016970,0.001426,1.127536,0.002828,0.087836,0.001312,0.008197,-0.015388,-0.420119,1.111465,0.081457,0.168416,-0.226822,0.001534,-0.009204,0.004602,-0.006136,0.004602,-0.001963,-0.002945,0.010738,-0.006136,0.000000,0.018408,-0.001534,-0.001963,0.009817
5.202000,-0.032166,-0.016946,0.001390,1.127536,0.002852,0.087843,0.001327,0.008209,-0.015400,-0.420155,1.111477,0.081445,0.168423,-0.226830,0.007670,-0.001534,-0.001534,-0.003068,-0.004602,0.010799,0.013744,0.012272,0.007670,0.003068,-0.007670,-0.006136,0.005890,0.011781
5.252000,-0.032214,-0.016958,0.001390,1.127536,0.002804,0.087836,0.001312,0.008221,-0.015412,-0.420131,1.111453,0.081469,0.168423,-0.226837,0.000000,-0.013806,0.006136,0.013806,-0.010738,-0.006872,-0.001963,0.000000,0.000000,0.003068,-0.010738,-0.012272,0.017671,0.000000
5.302000,-0.032166,-0.016946,0.001390,1.127548,0.002804,0.087843,0.001312,0.008221,-0.015400,-0.420143,1.111465,0.081445,0.168423,-0.226837,0.012272,0.009204,0.003068,-0.001534,-0.004602,0.006872,-0.012763,0.006136,0.001534,0.000000,-0.007670,-0.003068,0.005890,0.001963
5.352000,-0.032202,-0.016994,0.001450,1.127536,0.002852,0.087843,0.001304,0.008197,-0.015400,-0.420131,1.111489,0.081457,0.168408,-0.226837,0.000000,-0.009204,0.006136,0.006136,0.000000,0.006872,-0.001963,-0.001534,0.001534,0.004602,0.004602,-0.021476,-0.009817,0.000000
5.402000,-0.032190,-0.016970,0.001378,1.127536,0.002804,0.087836,0.001312,0.008149,-0.015400,-0.420131,1.111489,0.081457,0.168423,-0.226830,-0.015340,0.006136,0.000000,-0.003068,-0.003068,-0.002945,-0.006872,-0.010738,-0.003068,0.009204,0.003068,-0.001534,0.008836,0.009817
5.452000,-0.032262,-0.016970,0.001378,1.127536,0.002828,0.087843,0.001312,0.008221,-0.015376,-0.420143,1.111465,0.081457,0.168416,-0.226837,-0.003068,-0.003068,-0.010738,-0.010738,0.001534,0.002945,-0.004909,0.000000,-0.003068,-0.006136,0.009204,-0.010738,0.001963,0.000982
5.502000,-0.032238,-0.016970,0.001438,1.127536,0.002792,0.087836,0.001312,0.008209,-0.015412,-0.420131,1.111453,0.081469,0.168416,-0.226837,-0.004602,0.000000,0.019942,-0.003068,0.004602,-0.005890,-0.015708,0.003068,-0.015340,-0.010738,0.004602,-0.006136,0.006872,0.000000
5.552000,-0.032190,-0.016970,0.001414,1.127548,0.002864,0.087836,0.001319,0.008221,-0.015388,-0.420119,1.111465,0.081469,0.168416,-0.226845,-0.009204,0.001534,0.006136,0.009204,-0.001534,-0.001963,0.006872,0.001534,0.010738,-0.006136,0.001534,-0.010738,0.001963,0.001963
5.602000,-0.032202,-0.016970,0.001390,1.127536,0.002840,0.087843,0.001312,0.008197,-0.015388,-0.420131,1.111465,0.081457,0.168408,-0.226845,-0.010738,-0.001534,-0.001534,0.000000,-0.001534,0.005890,-0.005890,0.001534,0.003068,-0.001534,0.019942,0.000000,-0.000982,-0.014726
5.652000,-0.032262,-0.016982,0.001414,1.127536,0.002804,0.087843,0.001319,0.008209,-0.015388,-0.420119,1.111477,0.081457,0.168416,-0.226837,0.006136,-0.004602,0.019942,0.004602,0.004602,0.005890,0.005890,-0.006136,-0.001534,-0.001534,0.006136,0.000000,-0.001963,0.002945
5.702000,-0.032286,-0.016982,0.001438,1.127536,0.002804,0.087836,0.001319,0.008233,-0.015400,-0.420107,1.111513,0.081469,0.168408,-0.226837,-0.003068,-0.012272,-0.001534,-0.010738,-0.004602,0.001963,0.003927,0.004602,0.000000,0.009204,0.001534,0.007670,-0.003927,0.002945
5.752000,-0.032262,-0.016994,0.001426,1.127536,0.002828,0.087836,0.001312,0.008209,-0.015376,-0.420143,1.111453,0.081481,0.168408,-0.226845,-0.003068,0.006136,-0.001534,-0.010738,-0.001534,-0.001963,-0.002945,-0.003068,-0.006136,0.000000,-0.010738,0.000000,-0.006872,-0.003927
5.802000,-0.032262,-0.017006,0.001450,1.127536,0.002780,0.087836,0.001312,0.008197,-0.015400,-0.420119,1.111453,0.081469,0.168408,-0.226837,-0.007670,0.010738,0.013806,-0.003068,-0.007670,-0.003927,-0.004909,0.018408,0.007670,-0.003068,0.000000,-0.003068,-0.003927,-0.002945
5.852000,-0.032226,-0.016970,0.001450,1.127548,0.002828,0.087843,0.001319,0.008149,-0.015400,-0.420119,1.111489,0.081469,0.168408,-0.226830,0.009204,0.003068,0.000000,0.001534,-0.004602,0.008836,0.004909,0.000000,-0.009204,-0.001534,-0.013806,-0.016874,-0.009817,0.012763
5.902000,-0.032250,-0.016958,0.001414,1.127524,0.002828,0.087836,0.001312,0.008161,-0.015400,-0.420143,1.111489,0.081469,0.168408,-0.226837,0.003068,0.000000,0.001534,-0.004602,0.000000,-0.010799,0.002945,0.010738,0.000000,0.003068,-0.012272,0.006136,-0.004909,0.000000
5.952000,-0.032274,-0.016970,0.001474,1.127536,0.002828,0.087843,0.001319,0.008245,-0.015400,-0.420119,1.111465,0.081445,0.168408,-0.226830,-0.013806,0.004602,0.016874,-0.012272,0.001534,0.005890,0.001963,0.018408,-0.001534,0.000000,-0.001534,-0.009204,-0.003927,0.006872
6.002000,-0.032250,-0.016982,0.001438,1.127536,0.002828,0.087836,0.001312,0.008173,-0.015424,-0.420131,1.111453,0.081469,0.168408,-0.226837,-0.023010,0.003068,0.010738,-0.007670,0.003068,0.000000,-0.008836,0.001534,0.004602,0.006136,-0.001534,-0.001534,-0.012763,-0.002945
6.052000,-0.032190,-0.016970,0.001426,1.127536,0.002852,0.087836,0.001312,0.008233,-0.015412,-0.420131,1.111453,0.081445,0.168400,-0.226837,0.001534,0.004602,0.007670,-0.004602,0.001534,0.000000,-0.013744,0.001534,-0.003068,-0.013806,0.010738,0.000000,-0.008836,0.000000
6.102000,-0.032238,-0.017006,0.001378,1.127524,0.002804,0.087843,0.001312,0.008185,-0.015412,-0.420131,1.111477,0.081469,0.168408,-0.226845,0.003068,-0.009204,-0.019942,-0.001534,0.003068,0.010799,-0.002945,0.018408,0.000000,0.006136,0.007670,0.010738,-0.001963,-0.003927
6.152000,-0.032226,-0.016970,0.001426,1.127524,0.002852,0.087843,0.001319,0.008161,-0.015328,-0.420167,1.111489,0.081481,0.168408,-0.226853,-0.009204,-0.007670,0.006136,-0.016874,-0.003068,0.006872,0.008836,0.009204,0.004602,0.003068,0.000000,-0.004602,0.008836,0.002945
6.202000,-0.032226,-0.016982,0.001390,1.127536,0.002864,0.087843,0.001312,0.008269,-0.015256,-0.420239,1.111477,0.081457,0.168408,-0.226853,0.000000,0.007670,0.004602,-0.012272,-0.003068,0.006872,-0.001963,-0.004602,-0.016874,0.006136,-0.004602,-0.001534,0.011781,0.003927
6.252000,-0.032166,-0.016970,0.001438,1.127548,0.002852,0.087836,0.001304,0.008245,-0.015256,-0.420263,1.111477,0.081469,0.168400,-0.226853,-0.004602,0.001534,0.001534,0.001534,-0.004602,-0.002945,-0.012763,0.009204,0.013806,0.000000,0.006136,-0.003068,-0.021598,0.000000
6.302000,-0.032238,-0.016970,0.001414,1.127548,0.002840,0.087836,0.001312,0.008149,-0.015340,-0.420239,1.111489,0.081469,0.168393,-0.226837,-0.001534,-0.007670,0.001534,-0.007670,-0.003068,-0.006872,-0.012763,0.023010,0.001534,0.000000,0.015340,-0.007670,-0.013744,-0.003927
6.352000,-0.032286,-0.016970,0.001414,1.127524,0.002828,0.087836,0.001319,0.008233,-0.015328,-0.420239,1.111525,0.081469,0.168408,-0.226845,-0.016874,-0.007670,0.010738,-0.013806,0.000000,-0.004909,0.012763,-0.004602,-0.015340,0.006136,-0.004602,-0.001534,0.007854,0.000000
6.402000,-0.032214,-0.016970,0.001474,1.127536,0.002828,0.087843,0.001319,0.008221,-0.015004,-0.420239,1.111525,0.081457,0.168393,-0.226914,0.003068,0.001534,0.009204,0.000000,0.000000,0.005890,0.000000,0.019942,0.039884,0.001534,0.019942,-0.012272,-0.014726,0.003927
6.452000,-0.032226,-0.016970,0.001438,1.127536,0.002852,0.087836,0.001319,0.008221,-0.013950,-0.420167,1.111741,0.081457,0.168393,-0.227091,-0.003068,-0.003068,0.003068,0.003068,0.000000,-0.001963,0.005890,0.015340,-0.003068,0.004602,0.000000,-0.003068,-0.001963,0.014726
6.502000,-0.032286,-0.016970,0.001450,1.127536,0.002852,0.087836,0.001312,0.008233,-0.014057,-0.420179,1.111789,0.081457,0.168400,-0.227052,0.003068,-0.004602,0.015340,-0.006136,-0.010738,0.000000,-0.006872,0.021476,-0.012272,0.010738,-0.009204,0.000000,0.003927,-0.021598
6.552000,-0.032238,-0.016982,0.001390,1.127548,0.002804,0.087836,0.001312,0.008173,-0.013974,-0.420215,1.111896,0.081469,0.168400,-0.227075,-0.003068,-0.009204,-0.007670,-0.006136,0.004602,0.003927,-0.001963,0.012272,-0.001534,0.001534,-0.007670,0.000000,0.006872,-0.006872
6.602000,-0.032238,-0.016958,0.001414,1.127536,0.002840,0.087836,0.001312,0.008185,-0.013602,-0.420275,1.111992,0.081457,0.168400,-0.227106,0.010738,-0.001534,0.001534,-0.004602,-0.001534,-0.002945,-0.004909,-0.009204,0.019942,0.004602,-0.001534,0.003068,0.005890,0.001963
6.652000,-0.032238,-0.016970,0.001366,1.127536,0.002840,0.087836,0.001319,0.008149,-0.013302,-0.420287,1.112220,0.081469,0.168400,-0.227229,-0.003068,-0.012272,-0.007670,-0.004602,0.009204,-0.002945,0.011781,0.006136,-0.023010,0.000000,0.007670,-0.006136,0.004909,0.000000
6.702000,-0.032262,-0.016982,0.001426,1.127536,0.002852,0.087843,0.001327,0.008113,-0.013374,-0.420263,1.112208,0.081421,0.168416,-0.227282,0.009204,-0.003068,0.009204,-0.012272,0.000000,-0.000982,0.010799,0.004602,-0.013806,0.012272,-0.012272,0.006136,-0.003927,-0.010799
6.752000,-0.032178,-0.016994,0.001474,1.127548,0.002804,0.087851,0.001319,0.008065,-0.013974,-0.420239,1.112112,0.081313,0.168615,-0.227221,-0.006136,0.001534,0.013806,-0.006136,-0.010738,0.000982,0.001963,-0.001534,-0.021476,-0.003068,0.000000,0.003068,0.007854,-0.001963
6.802000,-0.032142,-0.016958,0.001474,1.127536,0.002888,0.087859,0.001319,0.007023,-0.014860,-0.420167,1.111717,0.081241,0.168815,-0.227206,0.010738,-0.013806,0.004602,-0.007670,-0.003068,0.007854,0.002945,-0.029146,-0.046019,0.007670,-0.004602,0.000000,0.000000,0.007854
6.852000,-0.032214,-0.016946,0.001450,1.127536,0.002804,0.087851,0.001304,0.006292,-0.016287,-0.419963,1.111477,0.081241,0.169006,-0.226431,0.003068,0.012272,-0.004602,-0.003068,0.004602,0.001963,-0.017671,-0.012272,-0.052155,0.023010,0.000000,0.001534,-0.004909,0.014726
6.902000,-0.032202,-0.016946,0.001450,1.127536,0.002852,0.087843,0.001319,0.004242,-0.016167,-0.419915,1.110374,0.081217,0.168538,-0.226370,0.004602,0.007670,-0.004602,0.000000,-0.016874,0.000982,0.000000,-0.062893,0.000000,-0.001534,-0.099709,0.001534,-0.038288,0.000000
6.952000,-0.032166,-0.016862,0.001486,1.127548,0.002804,0.087836,0.001312,-0.001546,-0.016143,-0.419963,1.109320,0.081289,0.168209,-0.226239,-0.006136,-0.013806,0.010738,0.000000,0.000000,0.018653,-0.016690,-0.139592,-0.015340,0.012272,-0.010738,0.001534,-0.011781,0.015708
7.002000,-0.032226,-0.016826,0.001450,1.127548,0.002840,0.087813,0.001319,-0.007634,-0.015268,-0.420059,1.108253,0.081493,0.167971,-0.225748,0.001534,-0.012272,0.004602,0.004602,-0.009204,0.001963,0.004909,-0.173340,0.003068,0.000000,-0.023010,0.001534,0.009817,0.004909
7.052000,-0.032250,-0.016838,0.001474,1.127536,0.002840,0.087782,0.001327,-0.014884,-0.014729,-0.420143,1.107127,0.081517,0.167396,-0.225418,-0.010738,-0.003068,0.006136,-0.006136,-0.004602,-0.000982,0.008836,-0.142660,0.018408,0.004602,-0.062893,0.003068,-0.007854,0.003927
7.102000,-0.032154,-0.016838,0.001486,1.127548,0.002828,0.087751,0.001319,-0.020157,-0.013842,-0.420191,1.103436,0.081541,0.166122,-0.225280,0.003068,-0.006136,0.006136,0.003068,-0.001534,-0.001963,0.001963,-0.170272,0.023010,0.006136,-0.078233,0.004602,-0.026507,0.002945
7.152000,-0.032357,-0.016754,0.001450,1.127512,0.002828,0.087698,0.001312,-0.029721,-0.013111,-0.420514,1.102273,0.081613,0.163070,-0.225165,-0.015340,0.003068,0.006136,-0.004602,-0.009204,0.000000,-0.009817,-0.246971,0.007670,-0.009204,-0.013806,0.000000,-0.095230,0.011781
7.202000,-0.032214,-0.016790,0.001474,1.127524,0.002828,0.087713,0.001327,-0.038481,-0.012080,-0.420526,1.099445,0.081672,0.158568,-0.224935,-0.001534,-0.016874,0.010738,0.006136,-0.001534,-0.006872,0.002945,-0.187146,0.004602,0.000000,-0.085903,-0.004602,-0.095230,0.009817
7.252000,-0.032274,-0.016730,0.001438,1.127548,0.002828,0.087728,0.001319,-0.047002,-0.010582,-0.421150,1.094963,0.081672,0.153598,-0.224897,-0.004602,-0.007670,-0.001534,-0.004602,-0.006136,-0.000982,-0.002945,-0.213223,0.065961,-0.027612,-0.174874,0.013806,-0.138426,-0.002945
7.302000,-0.032274,-0.016646,0.001450,1.127536,0.002828,0.087728,0.001319,-0.056853,-0.007394,-0.422372,1.086166,0.081672,0.146549,-0.224828,-0.016874,-0.004602,0.003068,0.013806,-0.004602,0.003927,-0.013744,-0.256175,0.072097,-0.026078,-0.234699,0.009204,-0.161988,-0.006872
7.352000,-0.031818,-0.016478,0.001438,1.127668,0.002888,0.087790,0.001335,-0.069185,-0.000995,-0.422624,1.070695,0.081649,0.139339,-0.224790,0.019942,0.009204,0.003068,0.004602,-0.004602,0.000982,0.000982,-0.282252,0.127320,0.009204,-0.352816,0.016874,-0.154134,0.012763
7.402000,-0.031746,-0.016334,0.001486,1.128015,0.002864,0.087843,0.001335,-0.081217,0.002948,-0.423343,1.061515,0.081684,0.129898,-0.224774,0.016874,0.000000,0.003068,0.004602,0.003068,0.000000,-0.001963,-0.248505,0.064427,-0.010738,-0.174874,-0.009204,-0.195368,-0.011781
7.452000,-0.031662,-0.016095,0.001450,1.128219,0.002888,0.087813,0.001342,-0.090133,0.005788,-0.424026,1.053833,0.081672,0.121982,-0.224736,0.009204,-0.001534,0.010738,0.007670,-0.007670,-0.015708,0.011781,-0.182544,0.050621,-0.019942,-0.205553,-0.003068,-0.117810,0.013744
7.502000,-0.031602,-0.015927,0.001462,1.128243,0.002804,0.087820,0.001335,-0.099769,0.007191,-0.425188,1.044557,0.081672,0.116675,-0.224751,0.010738,-0.004602,0.000000,-0.027612,-0.003068,0.006872,0.000000,-0.225495,0.052155,-0.023010,-0.282252,-0.007670,-0.090321,0.000000
7.552000,-0.031566,-0.015747,0.001486,1.128267,0.002792,0.087813,0.001335,-0.109895,0.008928,-0.425536,1.030092,0.081696,0.111981,-0.224751,-0.009204,0.000000,0.001534,-0.004602,-0.010738,-0.002945,0.002945,-0.279184,0.009204,0.009204,-0.204019,-0.026078,-0.127627,0.003927
7.602000,-0.031614,-0.015663,0.001486,1.128303,0.002852,0.087828,0.001335,-0.123617,0.009372,-0.425524,1.019127,0.081649,0.105223,-0.224751,0.009204,-0.006136,0.007670,0.000000,0.000000,0.005890,-0.000982,-0.303728,0.004602,0.001534,-0.233165,-0.001534,-0.116828,0.000982
7.652000,-0.031626,-0.015579,0.001450,1.128303,0.002828,0.087805,0.001335,-0.139940,0.009683,-0.425476,1.007358,0.081661,0.100361,-0.224744,0.004602,0.012272,0.007670,-0.003068,-0.009204,-0.006872,-0.001963,-0.381961,0.007670,0.006136,-0.266913,-0.026078,-0.059887,0.004909
7.702000,-0.031614,-0.015520,0.001474,1.128303,0.002828,0.087820,0.001335,-0.155064,0.009623,-0.425524,0.989382,0.081661,0.097469,-0.224744,-0.004602,-0.007670,0.012272,-0.001534,-0.009204,0.003927,0.000982,-0.358952,-0.036816,0.000000,-0.302194,0.007670,-0.062832,0.000000
7.752000,-0.031710,-0.015352,0.001450,1.128315,0.002828,0.087820,0.001327,-0.174131,0.009587,-0.425476,0.978069,0.081661,0.096618,-0.224736,0.000000,-0.004602,0.004602,-0.010738,0.003068,0.005890,0.000982,-0.415709,-0.006136,-0.010738,-0.245437,-0.007670,-0.001963,0.001963
7.802000,-0.031758,-0.015136,0.001426,1.128303,0.002852,0.087805,0.001342,-0.195151,0.008701,-0.425536,0.967978,0.081649,0.096664,-0.224744,-0.001534,0.003068,-0.001534,-0.004602,0.001534,-0.010799,0.012763,-0.401903,-0.092039,0.003068,-0.302194,-0.012272,0.003927,0.000000
7.852000,-0.031830,-0.014836,0.001462,1.128279,0.002804,0.087797,0.001327,-0.213367,0.005417,-0.425548,0.951715,0.081672,0.096625,-0.224759,0.004602,0.009204,0.009204,-0.009204,0.000000,-0.008836,-0.000982,-0.458660,-0.127320,-0.004602,-0.260777,0.007670,0.004909,-0.006872
7.902000,-0.031878,-0.014501,0.001426,1.128315,0.002828,0.087820,0.001327,-0.235622,-0.000479,-0.425488,0.945328,0.081649,0.096802,-0.224759,-0.003068,-0.006136,-0.012272,-0.019942,0.000000,0.011781,0.000982,-0.400369,-0.153398,0.009204,-0.136524,0.010738,-0.013744,0.000000
7.952000,-0.032010,-0.013890,0.001426,1.128303,0.002828,0.087813,0.001327,-0.256151,-0.006376,-0.425524,0.939803,0.081649,0.096817,-0.224767,-0.004602,0.009204,-0.003068,0.000000,-0.006136,0.001963,0.004909,-0.404971,-0.111981,-0.007670,-0.170272,-0.023010,0.009817,0.003927
8.002000,-0.032034,-0.013686,0.001438,1.128303,0.002828,0.087820,0.001327,-0.275637,-0.011673,-0.425536,0.935153,0.081649,0.096955,-0.224767,-0.001534,-0.004602,0.012272,-0.003068,0.000000,0.004909,0.002945,-0.368155,-0.133456,0.001534,-0.111981,-0.006136,0.010799,0.000000
8.052000,-0.032058,-0.013362,0.001426,1.128303,0.002828,0.087813,0.001319,-0.293278,-0.017617,-0.425560,0.931582,0.081637,0.096963,-0.224774,-0.010738,0.013806,0.012272,-0.018408,0.000000,-0.002945,0.000000,-0.372757,-0.159534,-0.018408,-0.072097,-0.001534,0.007854,-0.011781
8.102000,-0.032022,-0.013314,0.001450,1.128315,0.002768,0.087820,0.001327,-0.309457,-0.022147,-0.425488,0.925014,0.081637,0.097446,-0.224782,0.004602,-0.006136,-0.004602,0.000000,0.000000,0.005890,0.001963,-0.316000,-0.110447,0.003068,-0.239301,-0.006136,-0.000982,-0.001963
8.152000,-0.032058,-0.013195,0.001426,1.128315,0.002780,0.087813,0.001319,-0.322975,-0.026257,-0.425476,0.913653,0.081649,0.097623,-0.224782,-0.012272,-0.012272,-0.007670,-0.003068,-0.003068,-0.000982,-0.004909,-0.311398,-0.113515,0.018408,-0.124252,-0.003068,0.005890,-0.007854
8.202000,-0.032058,-0.013111,0.001510,1.128303,0.002828,0.087813,0.001327,-0.341514,-0.031423,-0.425488,0.911376,0.081649,0.098029,-0.224805,-0.004602,-0.004602,-0.006136,0.009204,0.000000,0.000000,0.002945,-0.389631,-0.124252,0.000000,-0.013806,-0.001534,0.014726,0.008836
8.252000,-0.032058,-0.013015,0.001450,1.128303,0.002804,0.087813,0.001319,-0.359059,-0.036887,-0.425524,0.907853,0.081649,0.098075,-0.224813,-0.006136,-0.009204,0.004602,0.000000,-0.004602,0.005890,-0.000982,-0.331340,-0.134990,-0.004602,-0.108913,-0.003068,-0.014726,-0.000982
8.302000,-0.032034,-0.013111,0.001486,1.128291,0.002804,0.087797,0.001335,-0.376772,-0.042077,-0.425512,0.905276,0.081649,0.098159,-0.224828,0.000000,0.006136,0.000000,0.000000,-0.006136,-0.007854,0.012763,-0.427981,-0.139592,0.007670,0.007670,0.000000,0.011781,-0.001963
8.352000,-0.031998,-0.013039,0.001486,1.128303,0.002792,0.087790,0.001319,-0.396210,-0.047709,-0.425416,0.904593,0.081637,0.098459,-0.224797,-0.006136,0.006136,0.010738,-0.024544,-0.007670,0.000000,0.001963,-0.404971,-0.154932,-0.001534,-0.021476,-0.001534,0.004909,-0.008836
8.402000,-0.032058,-0.013123,0.001486,1.128303,0.002768,0.087797,0.001319,-0.414726,-0.056661,-0.425452,0.904090,0.081661,0.098719,-0.224790,-0.009204,0.003068,-0.001534,0.004602,0.000000,-0.003927,0.000000,-0.429515,-0.250039,-0.007670,-0.004602,0.004602,-0.002945,0.006872
8.452000,-0.031974,-0.013027,0.001474,1.128279,0.002768,0.087797,0.001319,-0.432810,-0.065422,-0.425428,0.903527,0.081649,0.099087,-0.224882,-0.007670,0.001534,0.000000,-0.001534,0.006136,-0.008836,0.001963,-0.337476,-0.191748,0.000000,-0.038350,-0.007670,0.007854,-0.007854
8.502000,-0.031962,-0.013063,0.001474,1.128279,0.002792,0.087797,0.001312,-0.449708,-0.072900,-0.425416,0.903239,0.081649,0.099218,-0.224851,-0.009204,-0.007670,0.000000,0.000000,0.000000,0.003927,-0.001963,-0.352816,-0.199418,0.010738,-0.009204,-0.012272,0.002945,0.015708
8.552000,-0.031962,-0.012991,0.001438,1.128291,0.002768,0.087805,0.001319,-0.466354,-0.081253,-0.425356,0.903323,0.081649,0.099594,-0.224866,0.000000,0.006136,-0.007670,-0.006136,0.000000,0.002945,0.001963,-0.348214,-0.207087,0.024544,-0.003068,-0.006136,0.000000,-0.001963
8.602000,-0.032046,-0.012967,0.001486,1.128303,0.002804,0.087813,0.001312,-0.481095,-0.090912,-0.425104,0.903167,0.081649,0.099601,-0.224843,-0.015340,-0.001534,0.010738,-0.003068,-0.006136,0.006872,-0.000982,-0.302194,-0.251573,-0.006136,0.001534,0.007670,-0.000982,-0.003927
8.652000,-0.032046,-0.012979,0.001474,1.128279,0.002744,0.087805,0.001296,-0.494984,-0.102321,-0.425296,0.903263,0.081672,0.099709,-0.224859,0.000000,-0.012272,0.006136,-0.013806,0.000000,0.001963,-0.016690,-0.300660,-0.245437,0.010738,0.003068,0.000000,-0.002945,-0.004909
8.702000,-0.032022,-0.013003,0.001474,1.128303,0.002768,0.087813,0.001319,-0.508443,-0.112772,-0.425248,0.903191,0.081708,0.099678,-0.224859,-0.004602,-0.015340,-0.007670,-0.001534,-0.013806,0.002945,0.002945,-0.292990,-0.233165,0.012272,0.006136,-0.006136,-0.008836,-0.004909
8.752000,-0.032070,-0.012967,0.001510,1.128303,0.002816,0.087820,0.001319,-0.520415,-0.124145,-0.424949,0.903047,0.081780,0.099594,-0.224813,-0.001534,0.000000,0.009204,0.007670,-0.004602,0.002945,0.006872,-0.239301,-0.263845,0.000000,0.004602,0.000000,-0.000982,0.004909
8.802000,-0.032094,-0.013003,0.001474,1.128303,0.002732,0.087820,0.001319,-0.531201,-0.136896,-0.424877,0.903227,0.081936,0.099624,-0.224774,-0.004602,0.004602,0.000000,0.000000,-0.013806,0.001963,0.005890,-0.271515,-0.296058,0.004602,0.004602,0.004602,0.003927,-0.002945
8.852000,-0.031986,-0.012979,0.001450,1.128279,0.002768,0.087828,0.001319,-0.543149,-0.148389,-0.425272,0.903095,0.082032,0.099448,-0.224759,0.000000,-0.010738,0.007670,-0.009204,0.001534,0.011781,0.004909,-0.285320,-0.254641,0.000000,-0.001534,0.003068,-0.000982,0.000000
8.902000,-0.032094,-0.012991,0.001450,1.128279,0.002768,0.087820,0.001319,-0.554546,-0.158731,-0.425224,0.902999,0.082128,0.099402,-0.224705,0.006136,-0.003068,0.000000,0.000000,-0.003068,0.004909,0.001963,-0.256175,-0.237767,0.009204,-0.001534,-0.007670,-0.006872,0.004909
8.952000,-0.032082,-0.013027,0.001474,1.128291,0.002792,0.087813,0.001319,-0.565715,-0.171350,-0.425045,0.902963,0.082248,0.099387,-0.224652,-0.006136,0.013806,0.001534,0.000000,0.006136,0.000000,-0.007854,-0.223961,-0.296058,0.012272,0.003068,0.010738,0.006872,0.000000
9.002000,-0.032034,-0.012979,0.001510,1.128279,0.002744,0.087790,0.001312,-0.578718,-0.183179,-0.425332,0.903035,0.082451,0.099387,-0.224636,0.006136,-0.001534,0.003068,0.000000,0.001534,0.001963,0.000000,-0.292990,-0.259243,0.000000,-0.004602,0.024544,-0.004909,0.006872
9.052000,-0.032070,-0.013027,0.001474,1.128303,0.002756,0.087813,0.001312,-0.590834,-0.193869,-0.425152,0.902975,0.082583,0.099310,-0.224590,0.009204,0.000000,-0.001534,0.000000,0.001534,-0.007854,0.000000,-0.263845,-0.236233,0.012272,0.013806,0.001534,-0.005890,-0.000982
9.102000,-0.032058,-0.012907,0.001450,1.128291,0.002744,0.087797,0.001312,-0.602123,-0.204307,-0.425152,0.902592,0.082619,0.099026,-0.224567,-0.015340,-0.006136,0.001534,-0.007670,-0.006136,-0.008836,-0.001963,-0.222427,-0.240835,0.003068,-0.013806,0.012272,-0.005890,-0.006872
9.152000,-0.032094,-0.012943,0.001534,1.128303,0.002744,0.087813,0.001312,-0.611807,-0.215428,-0.424985,0.902137,0.082703,0.098865,-0.224529,0.001534,-0.001534,0.013806,0.003068,-0.003068,-0.000982,0.000000,-0.227029,-0.250039,0.000000,-0.001534,0.000000,0.000000,-0.007854
9.202000,-0.031950,-0.012919,0.001546,1.128303,0.002744,0.087805,0.001312,-0.621694,-0.224668,-0.425200,0.901034,0.082751,0.098336,-0.224490,-0.009204,0.006136,0.015340,-0.016874,0.009204,0.002945,0.000982,-0.199418,-0.182544,0.009204,-0.073631,0.000000,0.000000,0.005890
9.252000,-0.031962,-0.012943,0.001474,1.128315,0.002732,0.087813,0.001304,-0.627051,-0.231751,-0.424901,0.891387,0.082763,0.097293,-0.224406,-0.004602,-0.007670,0.001534,-0.012272,0.001534,-0.004909,-0.005890,-0.101243,-0.170272,0.012272,-0.228563,0.001534,-0.022580,-0.008836
9.302000,-0.032034,-0.012955,0.001450,1.128303,0.002744,0.087805,0.001312,-0.629040,-0.239840,-0.424805,0.875615,0.082775,0.096510,-0.224322,-0.006136,-0.003068,0.000000,-0.001534,0.000000,0.000982,-0.002945,-0.023010,-0.176408,-0.013806,-0.388097,-0.001534,-0.006872,0.005890
9.352000,-0.032022,-0.012931,0.001486,1.128303,0.002744,0.087820,0.001319,-0.632623,-0.248313,-0.424877,0.865117,0.082787,0.094324,-0.224260,0.007670,0.000000,0.004602,-0.015340,-0.001534,0.006872,0.010799,-0.099709,-0.227029,0.013806,-0.200951,-0.009204,-0.033379,-0.001963
9.402000,-0.031986,-0.012979,0.001474,1.128303,0.002732,0.087820,0.001304,-0.636614,-0.258356,-0.424973,0.857915,0.082835,0.091349,-0.224214,0.000000,0.006136,-0.003068,0.000000,0.009204,0.018653,-0.007854,-0.098175,-0.225495,-0.015340,-0.161068,0.000000,-0.067741,-0.003927
9.452000,-0.031938,-0.012979,0.001474,1.128315,0.002744,0.087805,0.001312,-0.640521,-0.265067,-0.425224,0.848220,0.082835,0.088219,-0.224168,0.001534,0.001534,0.000000,0.001534,0.000000,-0.007854,0.000000,-0.070563,-0.142660,-0.006136,-0.309864,-0.004602,-0.035343,-0.005890
9.502000,-0.031950,-0.012919,0.001486,1.128291,0.002768,0.087797,0.001304,-0.643217,-0.269621,-0.424817,0.831921,0.082859,0.086394,-0.224138,-0.009204,0.001534,0.000000,-0.009204,-0.003068,-0.002945,-0.003927,-0.107379,-0.138058,0.016874,-0.282252,-0.010738,-0.050069,-0.011781
9.552000,-0.032082,-0.012967,0.001450,1.128303,0.002720,0.087813,0.001319,-0.647819,-0.275086,-0.424074,0.821183,0.082883,0.083870,-0.224084,-0.016874,0.004602,0.001534,-0.024544,-0.001534,0.008836,-0.015708,-0.096641,-0.136524,0.009204,-0.234699,0.010738,-0.042215,-0.003927
9.602000,-0.032022,-0.012931,0.001486,1.128315,0.002732,0.087813,0.001312,-0.651235,-0.280790,-0.422851,0.810349,0.082907,0.081938,-0.224053,-0.004602,-0.006136,0.001534,-0.003068,0.001534,0.004909,-0.001963,-0.059825,-0.164136,0.059825,-0.308330,-0.009204,-0.000982,0.000982
9.652000,-0.032058,-0.012883,0.001462,1.128279,0.002708,0.087813,0.001304,-0.651942,-0.286842,-0.418933,0.794243,0.082931,0.079989,-0.224007,-0.018408,0.007670,-0.001534,0.012272,0.000000,0.000982,-0.002945,-0.032214,-0.156466,0.127320,-0.274583,0.006136,-0.096211,-0.001963
9.702000,-0.032046,-0.012919,0.001450,1.128303,0.002708,0.087813,0.001304,-0.654734,-0.294273,-0.415637,0.783277,0.082991,0.077796,-0.223946,0.012272,-0.003068,-0.004602,-0.003068,0.000000,0.005890,-0.010799,-0.061359,-0.142660,0.075165,-0.256175,0.010738,-0.039270,-0.000982
9.752000,-0.031998,-0.012943,0.001474,1.128303,0.002744,0.087805,0.001312,-0.657562,-0.299869,-0.414498,0.769016,0.083015,0.076676,-0.223908,0.000000,-0.007670,0.006136,-0.004602,0.004602,0.003927,0.000000,-0.062893,-0.113515,0.010738,-0.397301,-0.001534,-0.008836,-0.002945
9.802000,-0.032010,-0.012955,0.001522,1.128303,0.002768,0.087813,0.001312,-0.658845,-0.303956,-0.412401,0.750416,0.083015,0.075134,-0.223877,-0.016874,0.001534,0.012272,0.000000,-0.012272,0.006872,0.006872,-0.016874,-0.088971,0.061359,-0.360485,0.000000,-0.056941,0.003927
9.852000,-0.032010,-0.012967,0.001486,1.128303,0.002768,0.087813,0.001312,-0.659552,-0.308438,-0.409597,0.735999,0.083039,0.071821,-0.223854,-0.007670,-0.018408,-0.004602,0.004602,-0.010738,-0.003927,0.007854,-0.036816,-0.087437,0.070563,-0.308330,-0.009204,-0.097193,-0.001963
9.902000,-0.032010,-0.012919,0.001522,1.128303,0.002768,0.087805,0.001312,-0.660379,-0.312045,-0.406781,0.716848,0.083039,0.069275,-0.223838,0.006136,0.001534,-0.006136,-0.004602,-0.015340,-0.004909,0.004909,-0.007670,-0.065961,0.125786,-0.434117,-0.010738,-0.133518,0.001963
9.952000,-0.032070,-0.012955,0.001450,1.128327,0.002744,0.087813,0.001304,-0.660822,-0.315760,-0.402274,0.704972,0.083051,0.066544,-0.223823,0.000000,-0.006136,0.001534,0.000000,-0.001534,-0.002945,-0.005890,0.003068,-0.081301,0.088971,-0.208621,-0.012272,-0.032398,0.000000
10.002000,-0.032106,-0.012931,0.001534,1.128315,0.002768,0.087805,0.001304,-0.660978,-0.319823,-0.396774,0.692293,0.083039,0.065355,-0.223823,0.007670,-0.019942,0.010738,0.003068,0.001534,-0.008836,-0.003927,-0.013806,-0.076699,0.151864,-0.309864,0.007670,-0.013744,-0.009817
10.052000,-0.032106,-0.012931,0.001474,1.128303,0.002768,0.087813,0.001312,-0.660918,-0.322963,-0.391513,0.676426,0.083051,0.064327,-0.223815,-0.004602,-0.016874,0.000000,-0.006136,-0.001534,-0.001963,0.000982,0.004602,-0.088971,0.147262,-0.251573,0.006136,-0.068722,0.002945
10.102000,-0.032154,-0.012943,0.001438,1.128327,0.002744,0.087820,0.001312,-0.661074,-0.326378,-0.386839,0.668864,0.083051,0.062142,-0.223815,0.000000,-0.003068,-0.001534,0.001534,0.000000,0.008836,0.001963,-0.001534,-0.050621,0.081301,-0.167204,0.000000,-0.064795,-0.001963
10.152000,-0.032154,-0.012895,0.001510,1.128327,0.002768,0.087820,0.001304,-0.661170,-0.328428,-0.383172,0.660487,0.083051,0.060117,-0.223823,-0.003068,-0.009204,0.013806,-0.003068,0.003068,-0.000982,-0.004909,0.021476,-0.061359,0.131922,-0.245437,0.001534,-0.050069,-0.001963
10.202000,-0.032106,-0.012919,0.001462,1.128315,0.002732,0.087836,0.001319,-0.661230,-0.329854,-0.380283,0.648311,0.083063,0.058169,-0.223823,-0.006136,0.006136,0.009204,-0.007670,-0.001534,0.021598,-0.001963,0.009204,-0.012272,0.039884,-0.277651,0.000000,-0.013744,-0.012763
10.252000,-0.032070,-0.012919,0.001474,1.128279,0.002744,0.087805,0.001304,-0.661290,-0.331328,-0.380188,0.636746,0.083051,0.057133,-0.223823,0.004602,0.001534,0.001534,-0.004602,-0.001534,0.000000,-0.005890,0.007670,-0.101243,0.001534,-0.110447,-0.021476,-0.019635,-0.003927
10.302000,-0.032142,-0.012967,0.001486,1.128303,0.002732,0.087820,0.001304,-0.663075,-0.335642,-0.380188,0.632072,0.083051,0.057102,-0.223846,-0.012272,0.004602,-0.003068,-0.006136,0.000000,-0.000982,-0.004909,-0.067495,-0.107379,-0.003068,-0.101243,0.003068,0.005890,-0.010799
10.352000,-0.032118,-0.012943,0.001486,1.128315,0.002744,0.087805,0.001312,-0.666359,-0.339992,-0.380691,0.631053,0.083051,0.057156,-0.223838,-0.030680,-0.007670,-0.001534,-0.010738,-0.007670,-0.007854,0.000982,-0.030680,-0.139592,-0.018408,-0.007670,-0.007670,0.008836,0.000982
10.402000,-0.032046,-0.012931,0.001474,1.128315,0.002732,0.087805,0.001312,-0.668588,-0.346656,-0.381266,0.632264,0.083051,0.058153,-0.223838,0.007670,-0.021476,-0.006136,-0.006136,-0.007670,-0.013744,-0.000982,-0.041417,-0.204019,-0.007670,0.111981,-0.006136,0.063814,0.004909
10.452000,-0.032106,-0.012907,0.001474,1.128303,0.002768,0.087820,0.001312,-0.669223,-0.354505,-0.381650,0.634157,0.083051,0.059150,-0.223877,-0.007670,0.003068,0.000000,-0.004602,-0.006136,0.000000,0.000000,-0.044485,-0.196350,-0.019942,0.032214,-0.013806,0.018653,0.006872
10.502000,-0.032202,-0.012943,0.001474,1.128315,0.002744,0.087813,0.001304,-0.669786,-0.362331,-0.382117,0.642558,0.083039,0.063668,-0.223892,0.000000,0.003068,-0.003068,-0.009204,0.010738,0.000000,-0.005890,0.015340,-0.204019,-0.070563,0.150330,-0.009204,0.151189,-0.010799
10.552000,-0.032034,-0.012919,0.001474,1.128327,0.002768,0.087805,0.001304,-0.669846,-0.373524,-0.383519,0.647939,0.083015,0.071192,-0.223961,0.004602,0.006136,0.000000,-0.003068,-0.010738,-0.009817,-0.003927,-0.012272,-0.239301,-0.007670,0.144194,0.000000,0.130572,0.014726
10.602000,-0.032034,-0.012931,0.001486,1.128303,0.002744,0.087813,0.001312,-0.673490,-0.383555,-0.384106,0.653907,0.083015,0.077497,-0.223954,0.000000,0.000000,0.001534,-0.013806,-0.003068,-0.011781,0.001963,-0.116583,-0.237767,-0.024544,0.159534,0.001534,0.134499,-0.000982
10.652000,-0.031986,-0.012955,0.001522,1.128315,0.002768,0.087813,0.001312,-0.682837,-0.393670,-0.387019,0.666143,0.083003,0.082912,-0.223938,-0.009204,0.000000,0.006136,0.004602,0.007670,-0.003927,0.000982,-0.245437,-0.266913,-0.134990,0.305262,0.006136,0.142353,0.005890
10.702000,-0.031926,-0.012883,0.001486,1.128315,0.002732,0.087813,0.001312,-0.697853,-0.405151,-0.392124,0.681890,0.082991,0.089930,-0.223992,0.000000,-0.003068,0.009204,-0.016874,-0.010738,0.000982,0.000982,-0.308330,-0.260777,-0.111981,0.300660,0.003068,0.149226,0.002945
10.752000,-0.031974,-0.012943,0.001510,1.128327,0.002744,0.087805,0.001312,-0.710653,-0.414403,-0.396486,0.689968,0.083003,0.095820,-0.223984,0.013806,-0.007670,0.006136,-0.004602,-0.001534,-0.003927,0.004909,-0.266913,-0.161068,-0.085903,0.138058,-0.010738,0.118791,0.000982
10.802000,-0.031818,-0.012955,0.001522,1.128315,0.002744,0.087805,0.001304,-0.723596,-0.422588,-0.398212,0.698141,0.082979,0.101082,-0.223977,0.004602,-0.001534,0.001534,-0.012272,0.003068,0.001963,0.004909,-0.329806,-0.187146,0.003068,0.329806,-0.010738,0.079522,-0.001963
10.852000,-0.031794,-0.012943,0.001510,1.128327,0.002756,0.087813,0.001312,-0.741152,-0.431792,-0.398368,0.713061,0.082979,0.108130,-0.223969,-0.003068,-0.003068,-0.007670,-0.007670,-0.003068,0.022580,0.000000,-0.383495,-0.240835,0.003068,0.342078,0.001534,0.155116,0.000982
10.902000,-0.031866,-0.012943,0.001510,1.128351,0.002780,0.087813,0.001312,-0.757415,-0.444267,-0.398404,0.723140,0.082979,0.115294,-0.223992,-0.018408,-0.003068,0.006136,-0.012272,0.001534,-0.001963,-0.008836,-0.285320,-0.303728,0.015340,0.067495,-0.003068,0.156098,0.000982
10.952000,-0.031638,-0.012883,0.001510,1.128363,0.002720,0.087790,0.001312,-0.773378,-0.456923,-0.398535,0.730055,0.083003,0.122373,-0.223992,0.015340,0.000000,0.001534,-0.001534,0.003068,0.001963,-0.001963,-0.426447,-0.254641,-0.003068,0.251573,-0.007670,0.179660,0.003927
11.002000,-0.031674,-0.012883,0.001486,1.128351,0.002768,0.087797,0.001319,-0.792469,-0.467013,-0.398763,0.742638,0.082979,0.127236,-0.223984,0.001534,0.001534,0.000000,-0.010738,0.003068,-0.021598,0.000000,-0.400369,-0.233165,0.007670,0.316000,0.001534,0.113883,-0.007854
11.052000,-0.031662,-0.012859,0.001474,1.128363,0.002744,0.087797,0.001304,-0.812099,-0.476637,-0.398763,0.759452,0.082991,0.132858,-0.223977,0.001534,0.013806,0.000000,-0.007670,-0.013806,0.000982,-0.005890,-0.401903,-0.233165,-0.007670,0.395767,-0.001534,0.184569,0.001963
11.102000,-0.031914,-0.012859,0.001450,1.128363,0.002732,0.087813,0.001296,-0.828038,-0.486416,-0.398703,0.769088,0.082979,0.140574,-0.223969,-0.004602,0.003068,0.010738,-0.015340,-0.010738,0.005890,-0.008836,-0.326738,-0.250039,0.006136,0.214757,-0.004602,0.178678,0.002945
11.152000,-0.031818,-0.012943,0.001510,1.128387,0.002720,0.087782,0.001304,-0.846650,-0.496854,-0.398751,0.784811,0.082979,0.145820,-0.223992,-0.004602,-0.013806,-0.003068,0.009204,0.000000,-0.002945,-0.001963,-0.475534,-0.228563,-0.001534,0.404971,-0.004602,0.105047,-0.006872
11.202000,-0.031842,-0.012895,0.001486,1.128363,0.002744,0.087828,0.001312,-0.866735,-0.504871,-0.398619,0.802344,0.082967,0.152777,-0.223984,-0.007670,0.000000,0.004602,0.006136,-0.009204,0.014726,0.008836,-0.331340,-0.167204,0.021476,0.219359,-0.001534,0.120755,-0.007854
11.252000,-0.031770,-0.012871,0.001486,1.128375,0.002732,0.087805,0.001304,-0.882806,-0.512410,-0.397673,0.812267,0.082967,0.158629,-0.223954,-0.003068,0.003068,-0.001534,0.009204,-0.001534,0.002945,0.000000,-0.351282,-0.200951,0.030680,0.274583,-0.003068,0.154134,0.000000
11.302000,-0.031890,-0.012895,0.001486,1.128363,0.002792,0.087820,0.001304,-0.903527,-0.524933,-0.397385,0.833035,0.083003,0.164673,-0.223938,-0.015340,-0.003068,-0.001534,0.021476,0.000000,0.002945,0.001963,-0.392699,-0.335942,0.013806,0.395767,0.000000,0.108974,-0.001963
11.352000,-0.031842,-0.012907,0.001534,1.128363,0.002708,0.087797,0.001304,-0.920868,-0.537684,-0.397313,0.845187,0.083015,0.171070,-0.223938,0.006136,-0.006136,0.015340,-0.024544,-0.010738,0.007854,-0.003927,-0.377359,-0.248505,-0.004602,0.257709,0.000000,0.090321,0.000000
11.402000,-0.031830,-0.012907,0.001486,1.128363,0.002744,0.087797,0.001304,-0.940929,-0.550352,-0.397337,0.861115,0.083015,0.176730,-0.223946,-0.019942,0.007670,0.006136,-0.010738,0.004602,0.009817,-0.003927,-0.443320,-0.289922,0.000000,0.392699,0.007670,0.134499,-0.005890
11.452000,-0.031854,-0.012895,0.001510,1.128375,0.002768,0.087805,0.001304,-0.960476,-0.564169,-0.397193,0.878204,0.083015,0.181930,-0.223946,-0.007670,-0.006136,0.021476,0.007670,0.000000,0.000000,0.001963,-0.329806,-0.308330,0.003068,0.273049,-0.003068,0.157080,-0.007854
11.502000,-0.031734,-0.012907,0.001474,1.128363,0.002744,0.087790,0.001304,-0.978392,-0.575459,-0.397349,0.890104,0.083111,0.187560,-0.223946,-0.006136,-0.021476,0.000000,-0.003068,-0.003068,-0.009817,0.007854,-0.389631,-0.257709,-0.001534,0.220893,-0.013806,0.058905,-0.006872
11.552000,-0.031734,-0.012931,0.001474,1.128387,0.002720,0.087805,0.001304,-0.999077,-0.586160,-0.397457,0.905828,0.083111,0.191004,-0.223931,-0.003068,0.012272,0.001534,-0.004602,-0.003068,-0.005890,0.001963,-0.504680,-0.268447,0.013806,0.406505,0.001534,0.117810,-0.001963
11.602000,-0.031710,-0.012871,0.001486,1.128363,0.002744,0.087805,0.001304,-1.020840,-0.596874,-0.397828,0.919765,0.083099,0.198083,-0.223931,-0.007670,-0.007670,0.010738,-0.012272,-0.010738,-0.003927,0.000982,-0.320602,-0.233165,-0.001534,0.087437,-0.009204,0.114864,0.005890
11.652000,-0.031734,-0.012919,0.001474,1.128363,0.002732,0.087805,0.001296,-1.038649,-0.607840,-0.397852,0.927423,0.083111,0.203360,-0.223946,0.001534,-0.007670,-0.001534,-0.003068,0.001534,0.000000,0.000982,-0.434117,-0.280718,-0.001534,0.251573,-0.001534,0.142353,0.004909
11.702000,-0.031542,-0.012871,0.001498,1.128375,0.002744,0.087805,0.001296,-1.061754,-0.617044,-0.398272,0.942080,0.083111,0.208529,-0.223969,-0.010738,0.010738,-0.016874,-0.003068,0.006136,0.004909,0.006872,-0.446388,-0.171806,-0.004602,0.282252,-0.001534,0.095230,-0.002945
11.752000,-0.031530,-0.012907,0.001534,1.128399,0.002732,0.087805,0.001304,-1.085507,-0.623827,-0.398332,0.957300,0.083111,0.214420,-0.223969,-0.010738,-0.032214,-0.003068,0.007670,0.000000,0.001963,0.006872,-0.457126,-0.165670,0.003068,0.300660,0.000000,0.175733,0.003927
11.802000,-0.031590,-0.012895,0.001486,1.128387,0.002708,0.087813,0.001296,-1.105437,-0.631317,-0.398308,0.964239,0.083099,0.220241,-0.223954,-0.012272,0.001534,0.006136,-0.038350,-0.007670,0.004909,0.000000,-0.383495,-0.191748,0.007670,0.131922,-0.004602,0.128609,0.005890
11.852000,-0.031578,-0.012883,0.001474,1.128399,0.002744,0.087797,0.001296,-1.126601,-0.639766,-0.398296,0.974186,0.083135,0.225733,-0.223961,-0.009204,-0.010738,0.001534,0.000000,-0.001534,-0.012763,0.000000,-0.512350,-0.216291,0.007670,0.386563,0.001534,0.100138,0.000000
11.902000,-0.031650,-0.012895,0.001510,1.128375,0.002744,0.087790,0.001296,-1.148592,-0.650648,-0.398308,0.987884,0.083111,0.231064,-0.223969,-0.003068,-0.004602,0.009204,-0.026078,-0.001534,-0.011781,0.007854,-0.426447,-0.251573,0.000000,0.257709,-0.012272,0.096211,0.000000
11.952000,-0.031447,-0.012871,0.001510,1.128411,0.002708,0.087797,0.001281,-1.169289,-0.657359,-0.398475,0.999017,0.083111,0.235942,-0.223992,-0.004602,0.003068,0.007670,0.000000,-0.007670,-0.002945,-0.002945,-0.414175,-0.108913,0.001534,0.142660,-0.007670,0.112901,-0.009817
12.002000,-0.031507,-0.012871,0.001522,1.128375,0.002732,0.087797,0.001296,-1.187625,-0.662009,-0.398452,1.004578,0.083123,0.239217,-0.223969,0.000000,0.009204,0.000000,-0.006136,-0.006136,-0.008836,0.004909,-0.375825,-0.111981,0.000000,0.127320,-0.015340,0.089339,0.003927
12.052000,-0.031471,-0.012943,0.001462,1.128387,0.002732,0.087805,0.001296,-1.203768,-0.666491,-0.398404,1.009899,0.083123,0.242561,-0.223977,0.006136,-0.009204,0.000000,0.021476,-0.006136,-0.010799,0.005890,-0.372757,-0.138058,-0.001534,0.259243,-0.004602,0.041233,-0.008836
12.102000,-0.031530,-0.012883,0.001510,1.128399,0.002744,0.087828,0.001289,-1.220497,-0.671848,-0.398332,1.023800,0.083135,0.244892,-0.223969,0.000000,-0.007670,0.013806,0.018408,0.004602,0.017671,-0.001963,-0.322136,-0.121184,-0.006136,0.339010,-0.012272,0.044179,-0.003927
12.152000,-0.031495,-0.012883,0.001486,1.128399,0.002684,0.087797,0.001296,-1.230552,-0.676270,-0.398332,1.036024,0.083123,0.248091,-0.223969,-0.012272,-0.004602,0.007670,0.000000,-0.006136,-0.002945,0.000000,-0.127320,-0.076699,-0.004602,0.188680,-0.023010,0.065777,0.008836
12.202000,-0.031554,-0.012919,0.001474,1.128387,0.002708,0.087797,0.001289,-1.232745,-0.678631,-0.398212,1.039871,0.083123,0.250714,-0.223969,-0.007670,-0.023010,0.004602,0.009204,0.013806,-0.010799,-0.005890,-0.016874,-0.050621,0.001534,0.098175,0.000000,0.055960,0.018653
12.252000,-0.031542,-0.012859,0.001510,1.128411,0.002672,0.087790,0.001289,-1.233249,-0.680920,-0.398200,1.045372,0.083123,0.252018,-0.223969,0.000000,-0.006136,0.010738,0.000000,-0.001534,-0.015708,0.000000,-0.001534,-0.044485,-0.001534,0.154932,-0.006136,0.012763,0.000000
12.302000,-0.031554,-0.012895,0.001486,1.128435,0.002684,0.087813,0.001296,-1.232997,-0.682070,-0.398224,1.053342,0.083111,0.252125,-0.223977,-0.007670,-0.015340,0.001534,0.000000,-0.013806,0.006872,0.005890,0.006136,-0.027612,0.006136,0.277651,-0.015340,-0.004909,-0.008836
12.352000,-0.031578,-0.012919,0.001498,1.128411,0.002744,0.087805,0.001296,-1.232733,-0.682250,-0.398200,1.065182,0.083123,0.252102,-0.223969,0.013806,0.000000,0.003068,0.001534,0.001534,-0.004909,-0.003927,0.000000,-0.001534,0.003068,0.283786,0.000000,0.015708,-0.011781
12.402000,-0.031542,-0.012907,0.001510,1.128411,0.002708,0.087805,0.001296,-1.232350,-0.682442,-0.398044,1.074637,0.083111,0.252102,-0.223954,-0.006136,-0.018408,0.021476,-0.023010,0.000000,0.004909,0.010799,0.090505,-0.010738,0.003068,0.121184,0.003068,-0.000982,0.014726
12.452000,-0.031614,-0.012859,0.001438,1.128411,0.002708,0.087813,0.001289,-1.224560,-0.679278,-0.397780,1.080366,0.083099,0.252002,-0.223946,0.003068,-0.007670,0.000000,-0.004602,0.001534,0.003927,-0.007854,0.266913,0.144194,0.003068,0.167204,0.000000,-0.005890,0.000000
12.502000,-0.031854,-0.012883,0.001474,1.128411,0.002744,0.087836,0.001296,-1.208969,-0.673178,-0.397661,1.084548,0.083099,0.251435,-0.223946,-0.019942,0.018408,0.004602,-0.006136,-0.006136,0.000000,0.001963,0.335942,0.151864,0.001534,0.079767,-0.013806,-0.062832,0.006872
12.552000,-0.031794,-0.012883,0.001474,1.128411,0.002768,0.087813,0.001296,-1.194096,-0.666766,-0.397744,1.092027,0.083063,0.250307,-0.223946,0.000000,-0.013806,-0.003068,-0.003068,0.004602,0.000982,0.001963,0.371223,0.153398,0.004602,0.188680,0.013806,-0.001963,0.002945
12.602000,-0.031878,-0.012871,0.001486,1.128411,0.002732,0.087813,0.001296,-1.173088,-0.656771,-0.397840,1.095646,0.082991,0.249295,-0.223946,-0.007670,-0.004602,0.001534,0.000000,0.004602,0.000000,0.001963,0.535359,0.257709,-0.006136,0.036816,-0.004602,-0.042215,0.010799
12.652000,-0.032010,-0.012919,0.001462,1.128411,0.002804,0.087843,0.001296,-1.148221,-0.644368,-0.397709,1.102129,0.082955,0.247677,-0.223915,-0.021476,0.001534,0.006136,-0.015340,0.000000,-0.007854,-0.004909,0.567573,0.256175,0.003068,0.161068,0.003068,-0.015708,0.004909
12.702000,-0.032058,-0.012895,0.001474,1.128411,0.002744,0.087813,0.001304,-1.117721,-0.632432,-0.397816,1.107079,0.082931,0.246864,-0.223908,0.000000,-0.010738,0.004602,-0.018408,-0.006136,0.004909,0.003927,0.627398,0.309864,0.003068,0.154932,-0.006136,-0.008836,0.004909
12.752000,-0.032082,-0.012859,0.001522,1.128411,0.002744,0.087813,0.001296,-1.082919,-0.616816,-0.397960,1.111908,0.082859,0.245422,-0.223915,-0.004602,-0.009204,0.006136,-0.016874,-0.012272,-0.006872,-0.007854,0.748583,0.385029,-0.013806,0.076699,0.009204,0.010799,0.000000
12.802000,-0.032070,-0.012859,0.001450,1.128411,0.002768,0.087843,0.001296,-1.045444,-0.599535,-0.397900,1.112987,0.082835,0.244908,-0.223869,-0.003068,-0.004602,0.007670,-0.012272,0.000000,0.000000,-0.006872,0.773126,0.389631,-0.004602,0.072097,0.000000,-0.006872,0.005890
12.852000,-0.032082,-0.012931,0.001438,1.128411,0.002744,0.087820,0.001304,-1.005704,-0.581546,-0.397876,1.113227,0.082763,0.243911,-0.223862,0.000000,-0.009204,0.000000,0.000000,-0.003068,0.000982,0.000982,0.759320,0.406505,-0.007670,0.058291,0.000000,-0.002945,0.002945
12.902000,-0.032082,-0.012919,0.001486,1.128435,0.002804,0.087828,0.001304,-0.968110,-0.562647,-0.397768,1.113358,0.082691,0.242952,-0.223838,-0.006136,0.000000,0.013806,0.012272,0.000000,-0.000982,-0.005890,0.832952,0.374291,0.012272,0.030680,0.012272,-0.049087,-0.018653
12.952000,-0.032082,-0.012883,0.001462,1.128423,0.002768,0.087820,0.001296,-0.927303,-0.544983,-0.397744,1.113299,0.082583,0.241571,-0.223838,0.001534,-0.009204,0.003068,0.006136,-0.006136,0.005890,0.000000,0.805340,0.404971,0.003068,-0.007670,-0.004602,-0.014726,-0.005890
13.002000,-0.032058,-0.012943,0.001426,1.128411,0.002744,0.087813,0.001296,-0.886953,-0.525976,-0.397840,1.113490,0.082451,0.240344,-0.223823,-0.009204,0.000000,0.004602,0.006136,-0.018408,-0.000982,-0.005890,0.845223,0.411107,0.003068,0.036816,0.006136,0.006872,0.001963
13.052000,-0.032034,-0.012907,0.001474,1.128411,0.002768,0.087820,0.001304,-0.843689,-0.507292,-0.397637,1.113682,0.082164,0.239968,-0.223831,-0.003068,-0.009204,0.000000,-0.004602,-0.007670,0.009817,0.004909,0.860563,0.427981,-0.004602,0.018408,-0.018408,0.011781,0.008836
13.102000,-0.032022,-0.012955,0.001450,1.128411,0.002744,0.087782,0.001312,-0.800690,-0.486572,-0.397373,1.113658,0.082080,0.239117,-0.223815,-0.009204,0.000000,-0.003068,0.004602,-0.009204,-0.012763,0.012763,0.923456,0.424913,0.004602,-0.003068,-0.001534,-0.005890,0.000982
13.152000,-0.032022,-0.012883,0.001510,1.128399,0.002768,0.087813,0.001296,-0.756888,-0.467109,-0.397121,1.113718,0.081708,0.238258,-0.223808,0.000000,0.001534,0.012272,-0.007670,-0.004602,0.007854,-0.003927,0.882039,0.480136,-0.001534,-0.023010,-0.009204,-0.036325,0.002945
13.202000,-0.032034,-0.012859,0.001450,1.128423,0.002768,0.087813,0.001296,-0.712534,-0.444974,-0.396091,1.113874,0.081481,0.236678,-0.223815,-0.004602,0.001534,-0.009204,0.015340,-0.009204,0.000000,-0.003927,0.981748,0.443320,0.079767,-0.007670,-0.010738,-0.034361,-0.002945
13.252000,-0.032106,-0.012919,0.001474,1.128399,0.002744,0.087813,0.001304,-0.666587,-0.421821,-0.395396,1.114089,0.081169,0.235865,-0.223823,-0.007670,-0.007670,0.000000,0.013806,0.010738,0.005890,-0.001963,0.931126,0.484738,-0.009204,-0.013806,-0.015340,-0.017671,0.004909
13.302000,-0.032106,-0.012943,0.001450,1.128411,0.002792,0.087813,0.001304,-0.621861,-0.398320,-0.394724,1.114904,0.080965,0.235704,-0.223808,-0.015340,0.006136,0.015340,-0.007670,-0.007670,0.006872,-0.002945,1.015495,0.527689,0.039884,-0.013806,0.000000,0.008836,0.000000
13.352000,-0.032118,-0.012943,0.001474,1.128399,0.002744,0.087813,0.001304,-0.575938,-0.372889,-0.393047,1.115336,0.079755,0.235566,-0.223846,-0.004602,0.007670,0.004602,0.003068,-0.001534,-0.003927,0.001963,0.951068,0.504680,0.029146,0.016874,-0.006136,-0.003927,0.013744
13.402000,-0.032118,-0.012967,0.001438,1.128411,0.002744,0.087828,0.001296,-0.531500,-0.349364,-0.391285,1.116019,0.078868,0.235627,-0.223838,-0.004602,-0.007670,0.000000,0.006136,-0.007670,-0.014726,-0.006872,0.898913,0.507748,0.041417,0.018408,-0.033748,0.000000,0.016690
13.452000,-0.032058,-0.012895,0.001426,1.128411,0.002744,0.087820,0.001304,-0.488022,-0.327589,-0.388984,1.116786,0.078461,0.235604,-0.223823,0.010738,-0.006136,0.003068,-0.004602,0.001534,-0.000982,-0.000982,0.874369,0.438718,0.076699,0.041417,-0.001534,-0.008836,0.010799
13.502000,-0.032058,-0.012931,0.001474,1.128411,0.002744,0.087813,0.001304,-0.447503,-0.307455,-0.388229,1.120333,0.078053,0.235589,-0.223846,-0.006136,0.003068,-0.004602,0.000000,-0.006136,-0.001963,-0.001963,0.793068,0.408039,0.000000,0.165670,-0.013806,0.000000,0.004909
13.552000,-0.032118,-0.012883,0.001474,1.128399,0.002792,0.087813,0.001304,-0.410100,-0.289575,-0.387869,1.125139,0.077538,0.235619,-0.223838,-0.010738,0.001534,0.001534,0.013806,-0.010738,0.000982,-0.000982,0.717903,0.357418,-0.003068,0.150330,-0.010738,-0.003927,-0.002945
13.602000,-0.032082,-0.012907,0.001450,1.128399,0.002792,0.087820,0.001327,-0.374112,-0.274067,-0.386863,1.133959,0.076927,0.235635,-0.223854,-0.012272,0.010738,0.019942,-0.018408,-0.007670,0.002945,0.012763,0.702563,0.322136,0.021476,0.233165,-0.044485,0.006872,0.000982
13.652000,-0.032070,-0.012943,0.001474,1.128411,0.002792,0.087790,0.001312,-0.338458,-0.258188,-0.386755,1.143055,0.076100,0.235681,-0.223869,-0.006136,0.003068,0.003068,0.007670,0.001534,-0.005890,0.002945,0.708699,0.317534,0.013806,0.303728,-0.007670,0.014726,-0.012763
13.702000,-0.032082,-0.012955,0.001450,1.128399,0.002804,0.087805,0.001312,-0.303596,-0.244862,-0.385784,1.153110,0.075860,0.236103,-0.223846,0.006136,0.006136,0.013806,0.018408,0.000000,-0.011781,0.003927,0.768524,0.303728,0.007670,0.170272,-0.003068,0.016690,-0.008836
13.752000,-0.032142,-0.012919,0.001414,1.128387,0.002768,0.087805,0.001312,-0.266098,-0.230577,-0.385616,1.156418,0.075776,0.236417,-0.223846,0.001534,-0.003068,0.006136,-0.006136,-0.007670,0.012763,0.004909,0.796136,0.305262,-0.001534,0.076699,-0.007670,0.012763,-0.004909
13.802000,-0.032106,-0.012955,0.001426,1.128411,0.002780,0.087797,0.001304,-0.231403,-0.215584,-0.385185,1.159210,0.075644,0.236862,-0.223846,-0.015340,-0.003068,0.007670,-0.001534,-0.001534,-0.004909,-0.007854,0.745515,0.308330,0.044485,0.026078,0.000000,-0.001963,0.002945
13.852000,-0.032202,-0.012979,0.001486,1.128399,0.002792,0.087797,0.001312,-0.199813,-0.202461,-0.381949,1.164687,0.075525,0.237499,-0.223846,-0.003068,-0.009204,0.000000,0.006136,0.003068,-0.000982,0.000000,0.632000,0.289922,0.059825,0.136524,-0.003068,-0.007854,-0.009817
13.902000,-0.032106,-0.012895,0.001522,1.128387,0.002780,0.087790,0.001312,-0.172980,-0.189602,-0.381530,1.174646,0.075189,0.237721,-0.223823,0.007670,-0.004602,0.019942,-0.012272,-0.004602,0.003927,0.001963,0.529223,0.276117,0.007670,0.256175,-0.003068,0.002945,0.009817
13.952000,-0.032106,-0.012895,0.001474,1.128399,0.002768,0.087790,0.001312,-0.146136,-0.177618,-0.381494,1.184844,0.075045,0.237759,-0.223823,0.001534,0.004602,-0.001534,-0.007670,-0.004602,-0.010799,0.002945,0.521553,0.239301,0.006136,0.237767,-0.001534,-0.006872,-0.007854
14.002000,-0.032166,-0.012919,0.001414,1.128399,0.002780,0.087805,0.001312,-0.121975,-0.168954,-0.381410,1.192838,0.074961,0.238304,-0.223808,-0.006136,-0.012272,0.001534,0.009204,-0.003068,0.006872,0.000982,0.578311,0.187146,0.000000,0.023010,0.004602,-0.007854,0.005890
14.052000,-0.032130,-0.012931,0.001426,1.128399,0.002804,0.087805,0.001312,-0.098271,-0.161439,-0.381458,1.194791,0.074853,0.238388,-0.223800,-0.010738,-0.004602,-0.001534,-0.016874,0.003068,0.013744,0.001963,0.469398,0.173340,-0.001534,0.023010,0.000000,-0.002945,-0.008836
14.102000,-0.032142,-0.012943,0.001450,1.128411,0.002792,0.087805,0.001312,-0.077790,-0.154237,-0.381542,1.195606,0.074818,0.238319,-0.223800,0.003068,0.004602,0.000000,0.012272,-0.006136,0.002945,0.000982,0.440252,0.219359,-0.003068,0.004602,-0.009204,0.000982,-0.004909
14.152000,-0.032154,-0.012919,0.001510,1.128387,0.002780,0.087782,0.001319,-0.061347,-0.146064,-0.381614,1.198183,0.074794,0.238572,-0.223808,-0.003068,0.004602,0.010738,-0.009204,0.000000,0.001963,0.003927,0.297592,0.207087,-0.001534,0.130388,0.006136,0.002945,0.002945
14.202000,-0.032106,-0.012931,0.001426,1.128375,0.002792,0.087790,0.001312,-0.047505,-0.137135,-0.381674,1.200759,0.074806,0.238649,-0.223823,0.019942,-0.004602,-0.016874,0.000000,0.004602,-0.001963,-0.005890,0.294524,0.196350,-0.001534,0.049087,0.001534,0.014726,-0.008836
14.252000,-0.032130,-0.012919,0.001450,1.128399,0.002780,0.087797,0.001327,-0.033808,-0.128315,-0.381590,1.201035,0.074830,0.238618,-0.223808,0.009204,-0.019942,0.007670,0.001534,-0.007670,0.000982,-0.014726,0.291456,0.184078,0.000000,0.021476,0.007670,0.004909,-0.006872
14.302000,-0.032142,-0.012943,0.001510,1.128411,0.002792,0.087790,0.001304,-0.023189,-0.120909,-0.381542,1.204211,0.074830,0.239002,-0.223815,-0.001534,-0.007670,-0.003068,0.004602,-0.009204,-0.007854,0.000000,0.220893,0.138058,0.003068,0.088971,-0.001534,-0.006872,-0.001963
14.352000,-0.032106,-0.012931,0.001438,1.128411,0.002768,0.087790,0.001319,-0.016047,-0.114389,-0.381506,1.212432,0.074830,0.238948,-0.223808,-0.006136,-0.004602,0.007670,0.006136,0.006136,0.000000,0.007854,0.204019,0.150330,0.000000,0.142660,0.000000,0.005890,0.010799
14.402000,-0.032106,-0.012919,0.001426,1.128375,0.002744,0.087790,0.001319,-0.007083,-0.107271,-0.381434,1.221181,0.074830,0.238925,-0.223823,0.000000,0.026078,0.007670,-0.033748,0.003068,0.001963,0.013744,0.196350,0.145728,0.009204,0.234699,0.000000,0.000000,0.000982
14.452000,-0.032130,-0.012943,0.001438,1.128411,0.002756,0.087797,0.001312,0.002277,-0.100248,-0.381338,1.228958,0.074841,0.238933,-0.223831,-0.016874,-0.009204,0.003068,-0.009204,-0.004602,0.009817,0.000000,0.205553,0.124252,-0.009204,0.245437,0.000000,0.006872,-0.002945
14.502000,-0.032154,-0.012895,0.001474,1.128399,0.002792,0.087790,0.001312,0.012871,-0.094292,-0.381230,1.233237,0.074806,0.239171,-0.223984,0.000000,-0.015340,0.007670,-0.004602,-0.003068,-0.004909,0.002945,0.223961,0.118117,0.007670,0.127320,0.001534,0.007854,-0.007854
14.552000,-0.032142,-0.012919,0.001438,1.128411,0.002768,0.087790,0.001304,0.020493,-0.088779,-0.381230,1.236029,0.074830,0.239201,-0.223961,-0.012272,-0.009204,0.000000,-0.003068,0.004602,0.000000,-0.003927,0.144194,0.136524,0.009204,0.072097,-0.003068,0.011781,-0.004909
14.602000,-0.032130,-0.012919,0.001414,1.128435,0.002780,0.087805,0.001312,0.026581,-0.083494,-0.381074,1.238210,0.074865,0.239132,-0.223946,-0.030680,0.000000,0.000000,0.000000,0.000000,0.013744,0.000000,0.116583,0.118117,0.009204,0.056757,0.004602,0.007854,0.000000
14.652000,-0.032142,-0.012943,0.001450,1.128411,0.002744,0.087782,0.001312,0.031614,-0.078629,-0.381050,1.239936,0.074961,0.239132,-0.223954,0.006136,0.000000,-0.012272,-0.007670,-0.007670,0.007854,-0.005890,0.098175,0.107379,0.001534,0.081301,0.000000,-0.000982,0.000000
14.702000,-0.032238,-0.012943,0.001474,1.128399,0.002792,0.087805,0.001319,0.035533,-0.073331,-0.381098,1.242177,0.075213,0.239140,-0.223954,-0.010738,0.013806,0.001534,-0.001534,-0.001534,0.005890,0.005890,0.095107,0.147262,-0.003068,0.042951,0.006136,0.002945,0.003927
14.752000,-0.032238,-0.012907,0.001450,1.128411,0.002792,0.087790,0.001312,0.038877,-0.067603,-0.381146,1.244861,0.075465,0.239148,-0.223969,0.004602,0.000000,-0.001534,-0.001534,-0.004602,-0.004909,-0.001963,0.056757,0.134990,0.009204,0.090505,-0.007670,-0.004909,-0.011781
14.802000,-0.032154,-0.012883,0.001450,1.128411,0.002804,0.087790,0.001312,0.040303,-0.063169,-0.381266,1.250446,0.075848,0.239132,-0.224329,-0.001534,-0.003068,-0.007670,-0.019942,0.006136,-0.007854,-0.002945,0.029146,0.041417,0.000000,0.191748,0.000000,0.008836,-0.023562
14.852000,-0.032142,-0.012907,0.001474,1.128411,0.002768,0.087790,0.001319,0.041370,-0.062857,-0.381254,1.256270,0.075968,0.239140,-0.224253,-0.001534,0.003068,0.007670,-0.016874,0.000000,0.004909,0.000000,0.012272,0.000000,0.004602,0.159534,0.019942,-0.001963,0.003927
14.902000,-0.032190,-0.012943,0.001450,1.128411,0.002768,0.087790,0.001312,0.041609,-0.062713,-0.381230,1.262430,0.076016,0.239117,-0.224245,-0.007670,-0.009204,0.003068,0.007670,0.004602,-0.004909,0.000000,0.007670,0.018408,0.004602,0.156466,0.009204,0.000982,0.000000
14.952000,-0.032118,-0.012871,0.001450,1.128411,0.002792,0.087790,0.001312,0.041825,-0.062270,-0.381266,1.267811,0.076112,0.239125,-0.224314,-0.010738,-0.007670,0.018408,0.000000,0.000000,0.000982,-0.002945,0.024544,0.023010,0.004602,0.084369,-0.006136,0.008836,-0.004909
15.002000,-0.032142,-0.012931,0.001438,1.128399,0.002804,0.087782,0.001312,0.043155,-0.061299,-0.381422,1.268998,0.076136,0.239132,-0.224398,0.000000,-0.001534,-0.003068,0.000000,-0.012272,-0.000982,-0.009817,0.029146,0.039884,-0.006136,0.010738,-0.019942,0.007854,-0.016690
15.052000,-0.032154,-0.012931,0.001474,1.128411,0.002792,0.087790,0.001312,0.043611,-0.060496,-0.381650,1.269177,0.076160,0.239117,-0.224552,0.003068,-0.010738,0.004602,-0.009204,0.000000,0.004909,-0.005890,0.007670,0.004602,0.003068,0.000000,-0.013806,0.001963,-0.009817
15.102000,-0.032202,-0.012931,0.001474,1.128375,0.002804,0.087782,0.001335,0.043910,-0.060460,-0.381698,1.269237,0.076124,0.239102,-0.224536,-0.001534,0.012272,0.003068,-0.003068,-0.003068,-0.005890,0.015708,0.015340,-0.001534,0.000000,0.007670,0.004602,-0.017671,0.001963
15.152000,-0.032166,-0.012931,0.001474,1.128411,0.002780,0.087790,0.001304,0.044006,-0.060496,-0.381769,1.269393,0.076148,0.239109,-0.224498,0.000000,0.000000,0.010738,-0.004602,-0.013806,0.000000,-0.013744,0.000000,-0.006136,-0.003068,0.024544,0.007670,-0.010799,0.004909
15.202000,-0.032130,-0.012883,0.001414,1.128411,0.002768,0.087782,0.001312,0.044018,-0.060185,-0.381985,1.269465,0.076124,0.239094,-0.224590,-0.012272,0.000000,0.000000,0.007670,0.006136,-0.010799,-0.003927,0.015340,0.023010,0.000000,0.000000,-0.003068,0.014726,-0.002945
15.252000,-0.032130,-0.012919,0.001450,1.128399,0.002804,0.087797,0.001312,0.044174,-0.059681,-0.382225,1.269561,0.076124,0.239071,-0.224736,0.010738,-0.004602,-0.007670,0.016874,-0.004602,0.007854,-0.002945,0.010738,0.001534,0.004602,0.000000,0.018408,-0.019635,-0.005890
15.302000,-0.032106,-0.012955,0.001450,1.128411,0.002780,0.087797,0.001319,0.044222,-0.059406,-0.382357,1.269633,0.076100,0.239102,-0.224843,0.001534,0.003068,-0.001534,-0.001534,-0.006136,-0.001963,0.004909,0.007670,0.016874,0.004602,0.006136,-0.006136,0.012763,-0.003927
15.352000,-0.032118,-0.012931,0.001462,1.128435,0.002792,0.087797,0.001312,0.044222,-0.059034,-0.382369,1.269705,0.076148,0.239094,-0.224997,-0.007670,0.000000,0.010738,-0.007670,0.004602,0.003927,-0.007854,-0.003068,0.013806,0.006136,0.015340,-0.003068,-0.002945,-0.003927
15.402000,-0.032094,-0.012967,0.001462,1.128435,0.002744,0.087790,0.001319,0.044294,-0.058747,-0.382393,1.269765,0.076172,0.239094,-0.225096,0.006136,-0.018408,0.000000,0.018408,-0.010738,-0.000982,0.004909,0.018408,-0.003068,0.000000,-0.004602,0.009204,-0.006872,-0.003927
15.452000,-0.032118,-0.012955,0.001486,1.128435,0.002768,0.087790,0.001319,0.044366,-0.058615,-0.382524,1.269813,0.076172,0.239063,-0.225119,-0.012272,-0.001534,0.013806,0.006136,0.000000,-0.004909,0.002945,0.009204,0.001534,-0.009204,0.003068,0.000000,-0.001963,-0.008836
15.502000,-0.032118,-0.012943,0.001486,1.128411,0.002768,0.087797,0.001312,0.044390,-0.058543,-0.382524,1.269848,0.076172,0.239079,-0.225127,0.000000,0.000000,-0.003068,-0.010738,0.000000,0.012763,-0.005890,0.007670,-0.006136,0.004602,0.007670,0.009204,0.004909,-0.000982
15.552000,-0.032118,-0.012919,0.001486,1.128435,0.002768,0.087790,0.001312,0.044461,-0.058447,-0.382548,1.269896,0.076184,0.239079,-0.225127,0.007670,-0.007670,-0.009204,0.003068,0.000000,0.002945,-0.007854,0.012272,0.001534,0.003068,0.009204,-0.006136,-0.024544,-0.002945
15.602000,-0.032094,-0.012895,0.001474,1.128435,0.002804,0.087782,0.001312,0.044533,-0.058387,-0.382560,1.269932,0.076184,0.239094,-0.225127,-0.006136,0.001534,0.013806,-0.012272,0.001534,-0.002945,0.002945,0.001534,-0.009204,0.012272,0.003068,-0.015340,0.001963,0.003927
15.652000,-0.032130,-0.012919,0.001474,1.128411,0.002792,0.087782,0.001319,0.044557,-0.058327,-0.382524,1.269956,0.076184,0.239079,-0.225127,-0.004602,-0.003068,0.003068,0.003068,0.004602,0.000000,0.002945,0.000000,0.006136,0.001534,0.000000,0.016874,0.011781,0.012763
15.702000,-0.032142,-0.012919,0.001474,1.128423,0.002804,0.087782,0.001312,0.044581,-0.058327,-0.382548,1.269980,0.076124,0.239094,-0.225142,0.010738,0.000000,0.001534,-0.013806,-0.001534,-0.003927,-0.005890,0.012272,-0.006136,0.000000,0.004602,0.000000,-0.002945,-0.002945
15.752000,-0.032154,-0.012895,0.001462,1.128411,0.002804,0.087790,0.001319,0.044581,-0.058315,-0.382548,1.270016,0.076160,0.239079,-0.225150,0.004602,0.003068,-0.003068,-0.016874,0.000000,0.007854,0.003927,0.007670,-0.004602,0.006136,0.003068,0.001534,-0.003927,-0.008836
15.802000,-0.032106,-0.012931,0.001486,1.128411,0.002804,0.087790,0.001319,0.044569,-0.058291,-0.382513,1.270028,0.076196,0.239094,-0.225142,0.012272,-0.015340,0.000000,-0.001534,-0.001534,0.001963,-0.000982,0.003068,0.000000,0.000000,0.001534,0.006136,0.000000,0.005890
15.852000,-0.032142,-0.012871,0.001450,1.128435,0.002804,0.087790,0.001319,0.044581,-0.058291,-0.382524,1.270040,0.076184,0.239079,-0.225150,-0.010738,-0.012272,0.007670,-0.013806,0.001534,0.001963,0.002945,0.001534,-0.004602,0.004602,-0.003068,0.006136,-0.015708,-0.005890
15.902000,-0.032094,-0.012883,0.001510,1.128435,0.002804,0.087782,0.001312,0.044605,-0.058279,-0.382524,1.270064,0.076160,0.239094,-0.225158,-0.010738,-0.007670,0.001534,-0.004602,-0.001534,-0.002945,-0.007854,-0.001534,-0.004602,0.001534,0.009204,0.001534,0.010799,-0.001963
15.952000,-0.032118,-0.012907,0.001462,1.128435,0.002792,0.087790,0.001319,0.044605,-0.058231,-0.382524,1.270076,0.076184,0.239102,-0.225165,0.015340,-0.009204,-0.004602,-0.003068,-0.003068,-0.000982,0.002945,0.015340,-0.012272,0.015340,0.007670,-0.018408,0.035343,-0.005890
16.002000,-0.032094,-0.012883,0.001474,1.128447,0.002792,0.087782,0.001312,0.044677,-0.058207,-0.382524,1.270088,0.076160,0.239079,-0.225165,-0.001534,0.003068,0.003068,-0.009204,0.001534,0.000000,-0.004909,0.001534,-0.006136,0.000000,0.000000,0.006136,-0.013744,0.000000
16.052000,-0.032166,-0.012907,0.001474,1.128447,0.002768,0.087790,0.001319,0.044689,-0.058159,-0.382524,1.270076,0.076184,0.239071,-0.225181,-0.007670,-0.023010,0.012272,-0.004602,-0.004602,0.003927,0.006872,0.007670,-0.013806,-0.001534,-0.004602,0.003068,0.007854,-0.001963
16.102000,-0.032082,-0.012895,0.001486,1.128447,0.002792,0.087782,0.001312,0.044701,-0.058100,-0.382548,1.270088,0.076184,0.239071,-0.225173,0.006136,-0.018408,0.007670,-0.012272,-0.001534,-0.002945,-0.007854,0.018408,-0.006136,0.003068,0.001534,-0.021476,-0.001963,-0.006872
16.152000,-0.032154,-0.012883,0.001450,1.128435,0.002768,0.087782,0.001319,0.044701,-0.058076,-0.382524,1.270076,0.076088,0.239079,-0.225165,0.009204,0.004602,0.000000,0.024544,0.003068,-0.003927,-0.002945,0.015340,0.000000,0.009204,-0.001534,0.001534,0.005890,0.008836
16.202000,-0.032058,-0.012919,0.001486,1.128435,0.002792,0.087782,0.001319,0.044737,-0.058076,-0.382524,1.270100,0.076136,0.239071,-0.225173,-0.001534,-0.010738,0.007670,-0.013806,0.001534,0.000982,0.000000,0.006136,-0.001534,0.000000,-0.006136,0.003068,-0.002945,-0.000982
